,t,o
0,2022-03-17,"{'1m': 84.8099823344612, '1w': 41.3796045873246, '1y': 74.7246253171569, '2w': 71.2723732221439, '3m': 69.8621810065947, '6m': 68.8646508032652}"
1,2022-03-18,"{'1m': 82.3862206915048, '1w': 35.4790963438174, '1y': 74.5831889577469, '2w': 66.8277180936273, '3m': 69.8084886131527, '6m': 68.8507655210227}"
2,2022-03-19,"{'1m': 82.6863358104694, '1w': 36.6168621008993, '1y': 74.5961362285977, '2w': 61.9598058226701, '3m': 69.9055417451713, '6m': 68.911849680978}"
3,2022-03-20,"{'1m': 81.6444612847531, '1w': 36.9629671639852, '1y': 74.5920584243496, '2w': 61.8886638132189, '3m': 69.8283863597675, '6m': 68.206095983302}"
4,2022-03-21,"{'1m': 81.557268596279, '1w': 37.6883932598501, '1y': 74.5462431319019, '2w': 60.8378290373031, '3m': 69.245411955068, '6m': 67.7432495932459}"
5,2022-03-22,"{'1m': 80.9005234653798, '1w': 40.3237494623244, '1y': 74.5872119608632, '2w': 62.2538469040605, '3m': 69.5002684012808, '6m': 67.7858612665165}"
6,2022-03-23,"{'1m': 80.5887919484652, '1w': 38.2046131815806, '1y': 74.4803175537784, '2w': 51.2750330242703, '3m': 69.4078877745965, '6m': 67.6094687440683}"
7,2022-03-24,"{'1m': 76.4242733601119, '1w': 37.8385441201779, '1y': 74.493494113064, '2w': 39.8073603366645, '3m': 69.0139504925687, '6m': 67.4928642723009}"
8,2022-03-25,"{'1m': 72.0299131217151, '1w': 37.7455075118619, '1y': 74.2747013826574, '2w': 36.8313628537876, '3m': 69.2008601711577, '6m': 67.4362795049626}"
9,2022-03-26,"{'1m': 71.9451421049908, '1w': 36.7511648908615, '1y': 74.2243976989515, '2w': 36.703286441716, '3m': 69.1609251639786, '6m': 67.4105529428798}"
10,2022-03-27,"{'1m': 71.5762255311895, '1w': 35.8887915947665, '1y': 74.1509886215091, '2w': 36.4226070673541, '3m': 69.1356858925894, '6m': 67.3323157226255}"
11,2022-03-28,"{'1m': 71.0031274264366, '1w': 39.8046418710926, '1y': 74.3154959152205, '2w': 40.2705950303184, '3m': 69.3171015871012, '6m': 67.5187049201799}"
12,2022-03-29,"{'1m': 69.8243371883053, '1w': 38.8500046006032, '1y': 74.2669010717314, '2w': 39.7913874972433, '3m': 69.0773719296302, '6m': 67.5059152627678}"
13,2022-03-30,"{'1m': 68.8192862128476, '1w': 38.418599610687, '1y': 74.2182189634057, '2w': 39.2245695492273, '3m': 69.0079910218183, '6m': 67.3229773959117}"
14,2022-03-31,"{'1m': 68.1272351198169, '1w': 42.274855895197, '1y': 74.2200451490676, '2w': 40.1818364574075, '3m': 69.0038279817561, '6m': 67.1869174826056}"
15,2022-04-01,"{'1m': 58.7285633674381, '1w': 50.2351685426451, '1y': 74.3011132632076, '2w': 44.9296267146753, '3m': 69.2909033831075, '6m': 66.6071854791975}"
16,2022-04-02,"{'1m': 59.1490386682015, '1w': 52.6925948319548, '1y': 74.3435115299434, '2w': 45.4636292022796, '3m': 69.4816895389914, '6m': 66.2628701031995}"
17,2022-04-03,"{'1m': 58.5338948312417, '1w': 52.4236444946293, '1y': 74.3453956734374, '2w': 45.3089291723002, '3m': 69.4680532293164, '6m': 66.267999040132}"
18,2022-04-04,"{'1m': 55.4986285332027, '1w': 36.9464541980973, '1y': 74.3202849277214, '2w': 44.6019768564663, '3m': 69.4503446375111, '6m': 66.2670173590145}"
19,2022-04-05,"{'1m': 52.2223947424476, '1w': 37.3325212972522, '1y': 74.3222737697751, '2w': 42.5677152283965, '3m': 69.3434486669644, '6m': 66.0416662386041}"
20,2022-04-06,"{'1m': 54.0577651104429, '1w': 44.1057805073457, '1y': 74.4046407416136, '2w': 47.3051278976015, '3m': 68.4588912514905, '6m': 65.7086475229028}"
21,2022-04-07,"{'1m': 54.5045431465401, '1w': 46.5842103823392, '1y': 74.4202663598086, '2w': 48.7153898788507, '3m': 68.5269964123926, '6m': 65.4988497685036}"
22,2022-04-08,"{'1m': 54.5114622824954, '1w': 41.8382469189093, '1y': 74.3982105139957, '2w': 47.4737392557311, '3m': 68.5097701809548, '6m': 65.4898933889435}"
23,2022-04-09,"{'1m': 49.2163575866209, '1w': 35.0982063924402, '1y': 74.3995261231633, '2w': 48.4177084962391, '3m': 68.6022609096453, '6m': 65.5412196410629}"
24,2022-04-10,"{'1m': 43.8285256657864, '1w': 36.7027524494909, '1y': 74.3380953884227, '2w': 47.7105387053431, '3m': 68.5691147720516, '6m': 65.5370414265738}"
25,2022-04-11,"{'1m': 45.3474486850304, '1w': 43.2909088700144, '1y': 74.4421172317321, '2w': 41.8436559799753, '3m': 69.0330685853724, '6m': 65.6634277489075}"
26,2022-04-12,"{'1m': 47.2543627529934, '1w': 43.1818269656264, '1y': 74.5319649317846, '2w': 43.7067607988018, '3m': 69.2715772319473, '6m': 65.8067951939045}"
27,2022-04-13,"{'1m': 47.6907605402018, '1w': 47.5321073885659, '1y': 74.4639955868431, '2w': 46.1601867360043, '3m': 69.2725019781872, '6m': 65.7644126000415}"
28,2022-04-14,"{'1m': 48.3818612497359, '1w': 50.6665515523751, '1y': 74.4447692551186, '2w': 48.6690788831311, '3m': 69.3682960332657, '6m': 65.7117455317277}"
29,2022-04-15,"{'1m': 48.6829564024028, '1w': 51.5253415420882, '1y': 74.4584841795249, '2w': 47.0335072560474, '3m': 69.4715838965659, '6m': 65.4426132442343}"
30,2022-04-16,"{'1m': 47.3531446916029, '1w': 51.3354419425757, '1y': 74.4315010274266, '2w': 44.2970298054194, '3m': 69.4829322086149, '6m': 65.2345970288669}"
31,2022-04-17,"{'1m': 46.5737877798323, '1w': 50.322537413626, '1y': 74.4177236188367, '2w': 44.1353836168311, '3m': 69.4288146412132, '6m': 65.2219958054693}"
32,2022-04-18,"{'1m': 47.133128329777, '1w': 45.1331971624843, '1y': 73.8924362523926, '2w': 45.2183571254884, '3m': 69.5347767958431, '6m': 65.2529249389736}"
33,2022-04-19,"{'1m': 48.1392188211637, '1w': 44.7230228958388, '1y': 73.9230393484298, '2w': 50.0473199778018, '3m': 69.9094612477014, '6m': 65.4057866442787}"
34,2022-04-20,"{'1m': 48.2681407298617, '1w': 43.3738163817824, '1y': 73.8898704600537, '2w': 48.4410952882896, '3m': 69.8950876754841, '6m': 65.2053453995973}"
35,2022-04-21,"{'1m': 48.2183230172617, '1w': 39.2230030103314, '1y': 73.8734523669357, '2w': 46.8998020780166, '3m': 67.4966724249194, '6m': 65.0512622063498}"
36,2022-04-22,"{'1m': 48.6573816043672, '1w': 46.6414284319863, '1y': 73.9030144258151, '2w': 50.1077270003721, '3m': 65.6223563169485, '6m': 65.1105754069826}"
37,2022-04-23,"{'1m': 48.7867303139391, '1w': 47.9203348521219, '1y': 73.4702390010084, '2w': 49.8484873946203, '3m': 65.5972403394868, '6m': 65.0624803013776}"
38,2022-04-24,"{'1m': 47.8084392974764, '1w': 47.9482986473466, '1y': 73.4526832429791, '2w': 49.479705240061, '3m': 65.2065574382701, '6m': 65.0503450469061}"
39,2022-04-25,"{'1m': 47.2805650797269, '1w': 46.4591831576115, '1y': 73.4479566533706, '2w': 45.9412515973525, '3m': 64.5840277161903, '6m': 64.8979980770269}"
40,2022-04-26,"{'1m': 49.3196185034855, '1w': 47.3236319092928, '1y': 73.2338437805337, '2w': 46.7916210197478, '3m': 64.8155127921921, '6m': 65.1204880869855}"
41,2022-04-27,"{'1m': 50.3698483728963, '1w': 51.62639671273, '1y': 73.2561565600251, '2w': 49.2266589925286, '3m': 64.8989626854576, '6m': 65.0061803661458}"
42,2022-04-28,"{'1m': 47.1704327364283, '1w': 54.111208192407, '1y': 73.2739127186056, '2w': 48.3485841411349, '3m': 64.8459497794927, '6m': 64.9029717919004}"
43,2022-04-29,"{'1m': 47.3837442551598, '1w': 49.6982745066949, '1y': 73.2772599812736, '2w': 48.3101701498635, '3m': 64.8490607703294, '6m': 64.8336415385259}"
44,2022-04-30,"{'1m': 47.5283773768002, '1w': 49.3365365687298, '1y': 73.1633674974682, '2w': 48.6611979601669, '3m': 64.9139699004986, '6m': 64.8445868448019}"
45,2022-05-01,"{'1m': 46.8548703548476, '1w': 49.8342562207527, '1y': 72.9772650085068, '2w': 49.00198252403, '3m': 64.8990156800121, '6m': 64.9949059286351}"
46,2022-05-02,"{'1m': 46.2635534578013, '1w': 50.6162837462289, '1y': 72.9847654321566, '2w': 48.5705708867847, '3m': 64.8380636666831, '6m': 64.935995762642}"
47,2022-05-03,"{'1m': 46.2172128337397, '1w': 41.2446961890838, '1y': 72.9584396334088, '2w': 44.3244510241902, '3m': 64.4553288571153, '6m': 64.8774406542044}"
48,2022-05-04,"{'1m': 47.3999589087827, '1w': 37.6055361559433, '1y': 72.8611049094489, '2w': 46.0214985583121, '3m': 63.5918059638799, '6m': 64.9669691058437}"
49,2022-05-05,"{'1m': 50.4726024829653, '1w': 50.675653640872, '1y': 72.955815714071, '2w': 52.4936823161518, '3m': 62.4007735468524, '6m': 65.3848227115465}"
50,2022-05-06,"{'1m': 54.0539482934253, '1w': 66.8499072533039, '1y': 73.2032967004464, '2w': 59.3003244817778, '3m': 63.9211538623729, '6m': 66.0626196928341}"
51,2022-05-07,"{'1m': 53.3202016774993, '1w': 66.7542926257168, '1y': 73.1846439976131, '2w': 58.9572474897625, '3m': 63.4290574711618, '6m': 65.9997132720032}"
52,2022-05-08,"{'1m': 54.242554470754, '1w': 69.0757453206437, '1y': 73.2026100918415, '2w': 60.7062672266177, '3m': 63.5196500880531, '6m': 65.6199268848535}"
53,2022-05-09,"{'1m': 57.4810438077692, '1w': 72.8345251033708, '1y': 73.4465957494854, '2w': 66.1884949381853, '3m': 64.6191282960815, '6m': 66.0173589956556}"
54,2022-05-10,"{'1m': 59.5765938640162, '1w': 77.2251494411776, '1y': 73.6188043042015, '2w': 65.7748861997104, '3m': 65.3702961316521, '6m': 66.3632024055674}"
55,2022-05-11,"{'1m': 59.6038235794433, '1w': 72.0921953370404, '1y': 73.6017063664181, '2w': 65.9902779574235, '3m': 65.6499443246117, '6m': 66.4533178476741}"
56,2022-05-12,"{'1m': 64.319219739837, '1w': 70.6534565760973, '1y': 73.9877610040804, '2w': 71.659003240648, '3m': 67.5709878740056, '6m': 67.4172861050741}"
57,2022-05-13,"{'1m': 69.0964447437855, '1w': 95.815121579586, '1y': 73.4199898785932, '2w': 83.8268021734186, '3m': 69.1215193174178, '6m': 68.1726535717721}"
58,2022-05-14,"{'1m': 68.8048664715109, '1w': 96.0635814738574, '1y': 73.4540785026878, '2w': 84.5610778254382, '3m': 69.4018071241936, '6m': 68.2879670893327}"
59,2022-05-15,"{'1m': 69.7582796160687, '1w': 102.284191413008, '1y': 73.4370354380004, '2w': 87.45117552067791, '3m': 69.1722370371973, '6m': 68.3961750684232}"
60,2022-05-16,"{'1m': 69.9840345386483, '1w': 97.4003976395448, '1y': 73.3881268954532, '2w': 86.630227713764, '3m': 69.2437087853912, '6m': 67.8293988458827}"
61,2022-05-17,"{'1m': 70.5340970869216, '1w': 92.544490773975, '1y': 72.9931331017206, '2w': 88.1141685283548, '3m': 68.9657880979913, '6m': 67.8543823051497}"
62,2022-05-18,"{'1m': 70.5360980790537, '1w': 90.0682736175397, '1y': 73.0067743537801, '2w': 86.2269350690332, '3m': 68.2631391309059, '6m': 67.8563276414854}"
63,2022-05-19,"{'1m': 69.6355451087918, '1w': 69.8406149831584, '1y': 71.9119892822291, '2w': 84.0619476685021, '3m': 68.562780204268, '6m': 67.7720509989973}"
64,2022-05-20,"{'1m': 70.5681798280809, '1w': 56.4305849547664, '1y': 71.5180003725939, '2w': 81.9858876009789, '3m': 68.6401429432253, '6m': 67.8226591958489}"
65,2022-05-21,"{'1m': 70.5891704613362, '1w': 54.282583339552, '1y': 71.1684612407364, '2w': 82.5624515710775, '3m': 68.7264802520255, '6m': 67.8755117153766}"
66,2022-05-22,"{'1m': 70.4445300083166, '1w': 51.7341946042785, '1y': 70.8101572883064, '2w': 82.8795882597653, '3m': 68.4221984075738, '6m': 67.8056232265689}"
67,2022-05-23,"{'1m': 71.0141385352668, '1w': 52.2679802122077, '1y': 70.2157817706203, '2w': 79.1152951474791, '3m': 68.3407371748524, '6m': 67.8515644923192}"
68,2022-05-24,"{'1m': 71.4508637599897, '1w': 54.4009248015052, '1y': 69.559696126851, '2w': 75.9019366308693, '3m': 67.2140986919197, '6m': 67.9615184849009}"
69,2022-05-25,"{'1m': 71.7990592676906, '1w': 52.7635491985662, '1y': 69.3530779173458, '2w': 73.9534834309014, '3m': 65.3049845809418, '6m': 67.8675762936697}"
70,2022-05-26,"{'1m': 70.1854671725757, '1w': 48.1750693028989, '1y': 69.2500133676777, '2w': 60.2115394675383, '3m': 65.2541842939114, '6m': 67.3714882424984}"
71,2022-05-27,"{'1m': 69.4193305478247, '1w': 42.9722040580968, '1y': 69.2315202287586, '2w': 50.2033033945868, '3m': 65.2615947763924, '6m': 67.2021539048912}"
72,2022-05-28,"{'1m': 68.7225338974101, '1w': 39.6880120625875, '1y': 68.8924252504773, '2w': 47.5864528370632, '3m': 64.3184736490142, '6m': 67.1871861888061}"
73,2022-05-29,"{'1m': 68.759275280202, '1w': 37.8828596054599, '1y': 68.7588891810825, '2w': 45.3455766761368, '3m': 64.0094917070426, '6m': 66.701211634237}"
74,2022-05-30,"{'1m': 71.7488853292057, '1w': 50.2200061089853, '1y': 68.8222744415727, '2w': 51.2531632255041, '3m': 64.5765480289362, '6m': 67.1261590040365}"
75,2022-05-31,"{'1m': 72.3148887575766, '1w': 48.5229138839404, '1y': 68.8816615987315, '2w': 53.7225338094294, '3m': 64.7614751855869, '6m': 67.2119327547537}"
76,2022-06-01,"{'1m': 73.056135638525, '1w': 56.3919058247362, '1y': 68.8627098062134, '2w': 54.8583894931535, '3m': 61.029178495383, '6m': 67.3591088515525}"
77,2022-06-02,"{'1m': 73.9779629994599, '1w': 65.8497873506888, '1y': 68.9434938726919, '2w': 57.7783756584424, '3m': 61.5419061244996, '6m': 67.6206925912845}"
78,2022-06-03,"{'1m': 74.2976809621048, '1w': 64.7930981848128, '1y': 68.8798825212666, '2w': 55.7445850296599, '3m': 61.5219672789313, '6m': 67.5832204924153}"
79,2022-06-04,"{'1m': 73.6579300372521, '1w': 66.0454976928239, '1y': 68.7429337477641, '2w': 54.8044324595497, '3m': 60.8331770847771, '6m': 64.7548743197969}"
80,2022-06-05,"{'1m': 71.6100140827197, '1w': 65.9645319306643, '1y': 68.6870776566539, '2w': 54.137320133145, '3m': 60.0732300418049, '6m': 64.4499752100711}"
81,2022-06-06,"{'1m': 70.6077471562444, '1w': 64.8506314524745, '1y': 68.7975073393849, '2w': 57.9213555143115, '3m': 60.8608150815021, '6m': 64.7974435672841}"
82,2022-06-07,"{'1m': 72.0599075721133, '1w': 65.902193790458, '1y': 68.9268395204377, '2w': 60.6764541643834, '3m': 61.3384426701005, '6m': 64.7099779185503}"
83,2022-06-08,"{'1m': 72.0224286321446, '1w': 65.9979087877878, '1y': 68.3616037839357, '2w': 61.9203727427591, '3m': 61.5474480887678, '6m': 64.814083839748}"
84,2022-06-09,"{'1m': 69.0675520036234, '1w': 57.4383254051503, '1y': 67.9511837698234, '2w': 61.8065271595649, '3m': 59.6149434832104, '6m': 64.6837408270118}"
85,2022-06-10,"{'1m': 66.9361128197109, '1w': 57.9619751167035, '1y': 67.5526287480805, '2w': 61.8116161760547, '3m': 58.4510941323823, '6m': 64.6690620704593}"
86,2022-06-11,"{'1m': 66.1322561588563, '1w': 59.5118778816057, '1y': 67.5930085098703, '2w': 63.3331689819116, '3m': 58.3995805721096, '6m': 64.7293106612972}"
87,2022-06-12,"{'1m': 61.5462540612095, '1w': 65.5592246620783, '1y': 67.6383492533438, '2w': 67.130313738638, '3m': 58.9905295238419, '6m': 64.912231730392}"
88,2022-06-13,"{'1m': 72.7287052421364, '1w': 93.1254731534231, '1y': 68.9012651139955, '2w': 88.5028476542066, '3m': 64.6998412728642, '6m': 67.4365753403117}"
89,2022-06-14,"{'1m': 79.0544297766673, '1w': 104.419812645972, '1y': 68.9918863789613, '2w': 93.5500824157138, '3m': 67.4431361095431, '6m': 68.7219999723541}"
90,2022-06-15,"{'1m': 80.0114173941702, '1w': 98.0741834593929, '1y': 69.1902391498437, '2w': 95.2131096514694, '3m': 68.1774353928541, '6m': 69.0482022102642}"
91,2022-06-16,"{'1m': 81.1167548995152, '1w': 105.028414177085, '1y': 69.2798260303035, '2w': 97.2603891278428, '3m': 68.2680403794006, '6m': 69.2479007957092}"
92,2022-06-17,"{'1m': 81.6547827312617, '1w': 105.40690042492, '1y': 69.3924804251654, '2w': 97.40440335036, '3m': 68.5053918144664, '6m': 69.4036470965014}"
93,2022-06-18,"{'1m': 84.8066967733127, '1w': 108.322243228551, '1y': 69.7043476947264, '2w': 101.042339629794, '3m': 69.979898611503, '6m': 70.1875190904968}"
94,2022-06-19,"{'1m': 87.7818940637177, '1w': 125.37686183547, '1y': 69.9671664656081, '2w': 107.299242109945, '3m': 71.2368809506198, '6m': 70.9048446268225}"
95,2022-06-20,"{'1m': 90.1110078528865, '1w': 123.059259085279, '1y': 70.1838803919033, '2w': 109.429314686739, '3m': 72.4904240150067, '6m': 71.4640361484945}"
96,2022-06-21,"{'1m': 91.2740315243635, '1w': 111.770405717749, '1y': 69.9970226576332, '2w': 113.230873871243, '3m': 72.9886314502271, '6m': 71.3547479304874}"
97,2022-06-22,"{'1m': 91.3014108311736, '1w': 107.443654048424, '1y': 69.8839311882078, '2w': 110.878991352683, '3m': 72.7980995335268, '6m': 71.4479677146478}"
98,2022-06-23,"{'1m': 91.2292956037751, '1w': 104.438803370655, '1y': 69.6086307346785, '2w': 112.400062396293, '3m': 72.9330031539719, '6m': 71.4558348023048}"
99,2022-06-24,"{'1m': 91.8917857748212, '1w': 101.3594696274, '1y': 69.5968619344965, '2w': 115.515185949686, '3m': 72.9777011134556, '6m': 71.2747615980558}"
100,2022-06-25,"{'1m': 91.7084665092306, '1w': 79.9439295053847, '1y': 69.35577386599, '2w': 116.637162909603, '3m': 72.8027973009945, '6m': 71.3085407720669}"
101,2022-06-26,"{'1m': 91.8502303946619, '1w': 58.8900555502855, '1y': 69.0407109701822, '2w': 116.474354003346, '3m': 72.8190190114988, '6m': 71.3116872738867}"
102,2022-06-27,"{'1m': 91.7477359053857, '1w': 48.454487739839, '1y': 68.8500722845709, '2w': 97.9849400910624, '3m': 72.7007972791371, '6m': 71.2551546253549}"
103,2022-06-28,"{'1m': 91.7113016462791, '1w': 43.7810172889642, '1y': 68.7239513910358, '2w': 85.0658022054568, '3m': 71.7170823460485, '6m': 71.0170992960171}"
104,2022-06-29,"{'1m': 91.7705155031646, '1w': 40.9615264200086, '1y': 68.6800620211586, '2w': 81.4977007329987, '3m': 71.8002467189153, '6m': 71.0263118716052}"
105,2022-06-30,"{'1m': 89.8733974414393, '1w': 47.4550509895491, '1y': 68.7353871122214, '2w': 81.0996608408732, '3m': 72.1647106856142, '6m': 71.2306977559942}"
106,2022-07-01,"{'1m': 89.4312890758368, '1w': 42.722521074765, '1y': 68.6779925388295, '2w': 78.8362764393739, '3m': 72.4266538156026, '6m': 71.3948871908433}"
107,2022-07-02,"{'1m': 88.6780736341803, '1w': 41.5522862953484, '1y': 68.6847083142896, '2w': 69.0071702671295, '3m': 72.1975386502302, '6m': 71.4383086347682}"
108,2022-07-03,"{'1m': 88.3853847717293, '1w': 39.6986259056212, '1y': 68.6037343617058, '2w': 57.9135861420448, '3m': 72.1812751732739, '6m': 71.4325135842539}"
109,2022-07-04,"{'1m': 89.1023460697105, '1w': 46.5387085936477, '1y': 68.5860683424509, '2w': 49.9117615758163, '3m': 72.4427554443679, '6m': 71.5295430376215}"
110,2022-07-05,"{'1m': 90.4145154750458, '1w': 55.159247769996, '1y': 68.5923610372078, '2w': 49.8694325084876, '3m': 72.8843763853398, '6m': 71.7024443356958}"
111,2022-07-06,"{'1m': 88.4482461478077, '1w': 53.2976837738456, '1y': 68.610352269194, '2w': 47.5508323369284, '3m': 72.8270751646233, '6m': 71.2192579477428}"
112,2022-07-07,"{'1m': 88.9279121507232, '1w': 44.4747332397094, '1y': 68.6785326019922, '2w': 49.2766132385939, '3m': 73.1052083625731, '6m': 71.3275536365198}"
113,2022-07-08,"{'1m': 90.6561456133104, '1w': 52.0739089933328, '1y': 68.7008870105499, '2w': 53.7619967737557, '3m': 74.0069368141771, '6m': 71.7322855559934}"
114,2022-07-09,"{'1m': 90.6658103878875, '1w': 48.2353432327711, '1y': 68.6819017360256, '2w': 53.8843101841817, '3m': 73.9628630904538, '6m': 71.7124112545956}"
115,2022-07-10,"{'1m': 90.7146131708522, '1w': 54.3595066928098, '1y': 68.686064788692, '2w': 55.3032393049228, '3m': 74.0016285072986, '6m': 71.7645331923993}"
116,2022-07-11,"{'1m': 90.8485878584352, '1w': 61.298607017264, '1y': 68.7484851940223, '2w': 56.9934891713451, '3m': 73.7985840385793, '6m': 71.816936618038}"
117,2022-07-12,"{'1m': 90.3985651134753, '1w': 62.2665519935858, '1y': 68.7978662106599, '2w': 58.9061394732618, '3m': 73.7214945218408, '6m': 71.8434380224997}"
118,2022-07-13,"{'1m': 78.785493084416, '1w': 61.8540254764056, '1y': 68.7784051047055, '2w': 57.8742470414213, '3m': 73.6240695145985, '6m': 71.8200504506693}"
119,2022-07-14,"{'1m': 72.1293455439165, '1w': 61.7896343947121, '1y': 68.8292219279924, '2w': 55.4773510197587, '3m': 73.7787904792688, '6m': 71.9452271660403}"
120,2022-07-15,"{'1m': 70.476472180411, '1w': 53.9887307100731, '1y': 68.8634647474433, '2w': 56.9978253821163, '3m': 74.1251883152415, '6m': 72.1151698939105}"
121,2022-07-16,"{'1m': 69.079672742456, '1w': 54.6573937141045, '1y': 68.8444466749946, '2w': 55.5716443193578, '3m': 74.1554112296135, '6m': 72.1408172464527}"
122,2022-07-17,"{'1m': 67.6731959441522, '1w': 55.6087196715891, '1y': 68.8911593292161, '2w': 56.4442155649066, '3m': 74.4067655030054, '6m': 72.2374177911648}"
123,2022-07-18,"{'1m': 62.426571170118, '1w': 53.6375622753641, '1y': 68.9720407044246, '2w': 57.5873014637166, '3m': 74.7197659682449, '6m': 72.410525303116}"
124,2022-07-19,"{'1m': 58.856342070562, '1w': 48.8410868898321, '1y': 69.107202866319, '2w': 59.1609874211058, '3m': 74.9373030720467, '6m': 72.7351708496882}"
125,2022-07-20,"{'1m': 58.0696140944532, '1w': 49.4800487096325, '1y': 69.1762104018791, '2w': 63.0405129880929, '3m': 75.7915029193172, '6m': 73.1443356005915}"
126,2022-07-21,"{'1m': 58.240030346665, '1w': 60.923839835096, '1y': 69.0182061701496, '2w': 64.9859756010745, '3m': 75.9051038744779, '6m': 72.1925120803164}"
127,2022-07-22,"{'1m': 56.8160152546514, '1w': 60.758902635336, '1y': 68.9361971668193, '2w': 61.1879495374979, '3m': 75.73894991485341, '6m': 71.2415196592488}"
128,2022-07-23,"{'1m': 57.7408193838614, '1w': 67.6900638862167, '1y': 68.9919888204036, '2w': 63.3838527385874, '3m': 75.8769845549022, '6m': 71.3111489376139}"
129,2022-07-24,"{'1m': 57.2922173646296, '1w': 67.1005554193408, '1y': 68.8731703744854, '2w': 62.1861031283688, '3m': 75.9733062084572, '6m': 71.1863603950578}"
130,2022-07-25,"{'1m': 58.4031116578957, '1w': 68.929006029676, '1y': 68.923592181371, '2w': 62.1595791652977, '3m': 76.091970522066, '6m': 70.9353503364684}"
131,2022-07-26,"{'1m': 60.2946353664396, '1w': 65.1536255196439, '1y': 68.1348284365935, '2w': 63.521891849881, '3m': 75.9684659674296, '6m': 71.011352732493}"
132,2022-07-27,"{'1m': 61.6851406460161, '1w': 58.2345896131994, '1y': 68.1946789044165, '2w': 65.2970578937504, '3m': 76.2063909388715, '6m': 71.1366087638925}"
133,2022-07-28,"{'1m': 66.3634634171, '1w': 79.731321673018, '1y': 68.3623858080403, '2w': 72.600037321653, '3m': 77.7497899155344, '6m': 71.8987463072264}"
134,2022-07-29,"{'1m': 65.8836522054204, '1w': 81.1686559977346, '1y': 68.4300953587991, '2w': 72.4427717852992, '3m': 77.9837829343251, '6m': 71.9655287557031}"
135,2022-07-30,"{'1m': 63.6539192133217, '1w': 77.0713720376043, '1y': 68.4160430649117, '2w': 72.5452620690132, '3m': 78.0326468878775, '6m': 71.9905279083352}"
136,2022-07-31,"{'1m': 63.1009653793173, '1w': 77.9828203333152, '1y': 68.2210649326499, '2w': 72.7886474553619, '3m': 77.6570011681607, '6m': 71.9599432760664}"
137,2022-08-01,"{'1m': 63.6308309027626, '1w': 75.8075267734844, '1y': 68.2452328842475, '2w': 72.7073874729611, '3m': 77.7119970969362, '6m': 71.8715965072709}"
138,2022-08-02,"{'1m': 63.2579102273843, '1w': 67.2206506289523, '1y': 68.1067837206338, '2w': 69.5021981337947, '3m': 77.6154833502242, '6m': 71.8350098213981}"
139,2022-08-03,"{'1m': 63.299931403664, '1w': 63.1643052735958, '1y': 68.0636494646746, '2w': 64.1874948837571, '3m': 77.6918295109112, '6m': 71.710031260763}"
140,2022-08-04,"{'1m': 63.5704351376026, '1w': 39.7403241789202, '1y': 68.0476080476036, '2w': 63.1488084928219, '3m': 77.5525050198364, '6m': 71.2454983906276}"
141,2022-08-05,"{'1m': 62.6025521465171, '1w': 33.4991251412642, '1y': 68.0053578277983, '2w': 62.7319094631667, '3m': 76.9503260607975, '6m': 70.3099021551283}"
142,2022-08-06,"{'1m': 62.3223557552678, '1w': 32.075913587491, '1y': 67.812981854046, '2w': 60.5855907403255, '3m': 75.8799142223316, '6m': 70.3234646813833}"
143,2022-08-07,"{'1m': 61.5919376134453, '1w': 30.669952240188, '1y': 67.5651138182797, '2w': 60.1150899115065, '3m': 75.8695556189252, '6m': 70.0777181168444}"
144,2022-08-08,"{'1m': 60.0985900897144, '1w': 34.9285288922017, '1y': 67.6078540994143, '2w': 59.1787589861788, '3m': 75.9263806910846, '6m': 70.1115830695073}"
145,2022-08-09,"{'1m': 60.8213030971694, '1w': 39.4063345933717, '1y': 67.5804210425923, '2w': 55.8661416750463, '3m': 75.178663758508, '6m': 70.1739874896727}"
146,2022-08-10,"{'1m': 61.1123620984037, '1w': 44.9173207599386, '1y': 67.5651766933899, '2w': 55.3937450486898, '3m': 74.7192710443028, '6m': 70.280662353989}"
147,2022-08-11,"{'1m': 61.5160796216547, '1w': 50.6855659418024, '1y': 67.7110716042024, '2w': 46.936436299535, '3m': 74.9397272802534, '6m': 70.5334123842812}"
148,2022-08-12,"{'1m': 60.4400922405414, '1w': 53.6473229578313, '1y': 67.6668912956242, '2w': 45.8156811165528, '3m': 73.1845146072142, '6m': 70.5243996862859}"
149,2022-08-13,"{'1m': 60.1674087777676, '1w': 54.7317518143453, '1y': 67.5778184042515, '2w': 46.5612162253304, '3m': 72.0008050279522, '6m': 70.6156333105935}"
150,2022-08-14,"{'1m': 59.5332682364256, '1w': 54.3405232480922, '1y': 67.4923035961992, '2w': 45.7169504285641, '3m': 71.7148163801365, '6m': 70.6147620159809}"
151,2022-08-15,"{'1m': 59.0652863438746, '1w': 52.6399865298146, '1y': 67.4877825139261, '2w': 44.6624085368794, '3m': 71.5122880665525, '6m': 70.392750692594}"
152,2022-08-16,"{'1m': 59.3222308014882, '1w': 49.6285788226683, '1y': 67.475546991345, '2w': 44.793111931447, '3m': 71.441077701422, '6m': 70.3904436891623}"
153,2022-08-17,"{'1m': 59.1050819744215, '1w': 45.2448729947766, '1y': 67.4580414397941, '2w': 45.0643624749305, '3m': 71.3577011580763, '6m': 70.2006609757397}"
154,2022-08-18,"{'1m': 58.4401579491318, '1w': 31.2937632905647, '1y': 67.4430876015125, '2w': 44.4409013609968, '3m': 71.2425292611612, '6m': 69.7965079337373}"
155,2022-08-19,"{'1m': 61.9057582502481, '1w': 56.2844508223328, '1y': 67.8096803582681, '2w': 57.852607574575, '3m': 72.3955156872386, '6m': 70.5338994000334}"
156,2022-08-20,"{'1m': 60.5672486638498, '1w': 54.0448405142743, '1y': 67.7000879856638, '2w': 61.0262064013505, '3m': 72.4827449789086, '6m': 70.621918475252}"
157,2022-08-21,"{'1m': 59.9011162662004, '1w': 56.4830623318089, '1y': 67.6378347316143, '2w': 61.5795669836554, '3m': 72.377195549896, '6m': 70.6065114758835}"
158,2022-08-22,"{'1m': 59.572377373537, '1w': 56.9560123010483, '1y': 67.6414659570398, '2w': 58.6301100241795, '3m': 72.2940003354041, '6m': 70.4233798672814}"
159,2022-08-23,"{'1m': 58.8287763001996, '1w': 59.2850028153055, '1y': 67.6162411358507, '2w': 57.7340985654611, '3m': 72.16984636466739, '6m': 70.3182849168201}"
160,2022-08-24,"{'1m': 58.5733380565467, '1w': 60.453316891437, '1y': 67.5943251065548, '2w': 55.5248232034802, '3m': 71.9615633620556, '6m': 69.6740531656169}"
161,2022-08-25,"{'1m': 57.7039380989364, '1w': 61.6146703071014, '1y': 67.5587488014601, '2w': 49.1864250414746, '3m': 71.8956294981091, '6m': 68.7355330112021}"
162,2022-08-26,"{'1m': 56.5328461039628, '1w': 41.3801880207686, '1y': 67.5614930686675, '2w': 49.9166481106211, '3m': 72.0404685639212, '6m': 68.78812424551}"
163,2022-08-27,"{'1m': 57.4529429163453, '1w': 44.5486266093426, '1y': 67.6937604335813, '2w': 51.2193534956735, '3m': 72.5768821476717, '6m': 69.0789563083262}"
164,2022-08-28,"{'1m': 50.6280850456788, '1w': 42.5682246584223, '1y': 67.6250310853171, '2w': 50.9125306446102, '3m': 72.5600362732935, '6m': 68.6328303767366}"
165,2022-08-29,"{'1m': 49.3255252239594, '1w': 42.9122640810437, '1y': 67.6319159860448, '2w': 51.3004822998989, '3m': 72.5561294278531, '6m': 68.4668417213463}"
166,2022-08-30,"{'1m': 49.7448661940397, '1w': 45.728699513013, '1y': 67.66887384804281, '2w': 53.4394922715582, '3m': 71.9109904150091, '6m': 68.377154563796}"
167,2022-08-31,"{'1m': 49.7399878837256, '1w': 46.0225910396435, '1y': 67.6537301726158, '2w': 53.9765258740823, '3m': 71.4172063902603, '6m': 68.214260443821}"
168,2022-09-01,"{'1m': 49.4358100567964, '1w': 44.4719420284008, '1y': 67.6422485175836, '2w': 53.7253389189479, '3m': 71.1523748993802, '6m': 66.2888867518979}"
169,2022-09-02,"{'1m': 49.4970453170554, '1w': 43.6164015296591, '1y': 67.5030044066851, '2w': 42.5266157503773, '3m': 70.669902904893, '6m': 66.2628177371284}"
170,2022-09-03,"{'1m': 49.2078556213352, '1w': 27.4115514622291, '1y': 67.4978767125014, '2w': 37.3178758856148, '3m': 70.580694765247, '6m': 66.2079503457712}"
171,2022-09-04,"{'1m': 48.7748874537146, '1w': 27.1801593967625, '1y': 67.4844085914833, '2w': 36.5186703952114, '3m': 70.5171602194475, '6m': 65.858972085354}"
172,2022-09-05,"{'1m': 48.4276141703342, '1w': 25.9990932315012, '1y': 67.4701677440235, '2w': 36.1867008823591, '3m': 70.5042024021787, '6m': 65.5119193041114}"
173,2022-09-06,"{'1m': 48.7440223183644, '1w': 24.1699231706535, '1y': 67.4300701625021, '2w': 36.8408920657728, '3m': 69.8530820702465, '6m': 65.5567699356149}"
174,2022-09-07,"{'1m': 50.9484293377963, '1w': 37.9905271129634, '1y': 67.2993938338765, '2w': 42.1947663015261, '3m': 69.8788772683038, '6m': 65.7865750547222}"
175,2022-09-08,"{'1m': 50.0693902130119, '1w': 42.5030106575764, '1y': 66.7495435324509, '2w': 43.8665765625066, '3m': 69.7692945367018, '6m': 65.826076305322}"
176,2022-09-09,"{'1m': 57.1153612061255, '1w': 71.1570178010335, '1y': 67.2270046029852, '2w': 60.0913978652839, '3m': 71.7025058478053, '6m': 65.9395124310401}"
177,2022-09-10,"{'1m': 58.1992211890959, '1w': 74.9582846090518, '1y': 67.3430134016637, '2w': 57.7140565451656, '3m': 72.1921384422136, '6m': 65.6820049570385}"
178,2022-09-11,"{'1m': 55.9251846207961, '1w': 74.3566909320546, '1y': 67.3308722498749, '2w': 57.5194556896266, '3m': 72.087717319832, '6m': 65.6012234047274}"
179,2022-09-12,"{'1m': 56.4451520918831, '1w': 74.2739039763713, '1y': 67.3793060883177, '2w': 57.9963640604852, '3m': 71.7799661562954, '6m': 65.7066900282873}"
180,2022-09-13,"{'1m': 58.8396523539131, '1w': 84.9617781870519, '1y': 67.5722067107923, '2w': 64.5327477963772, '3m': 67.4521394381125, '6m': 66.1617769733231}"
181,2022-09-14,"{'1m': 63.2289998005275, '1w': 95.0681787942496, '1y': 67.8459770837891, '2w': 74.6679670490487, '3m': 65.8901888670094, '6m': 66.844472492522}"
182,2022-09-15,"{'1m': 63.1663954449948, '1w': 95.6433860018084, '1y': 67.7639383468514, '2w': 74.6904891134337, '3m': 64.9435595289292, '6m': 66.811058183802}"
183,2022-09-16,"{'1m': 63.1293058770415, '1w': 77.1171132786374, '1y': 67.756374668502, '2w': 74.8560363906953, '3m': 64.4691744538982, '6m': 66.6253556304447}"
184,2022-09-17,"{'1m': 63.3633581384286, '1w': 69.6084476440926, '1y': 67.7741244190437, '2w': 74.9358570981756, '3m': 63.8520363069145, '6m': 66.5556356135556}"
185,2022-09-18,"{'1m': 63.3626872608788, '1w': 68.6610582578264, '1y': 67.7636761355238, '2w': 75.2589177796313, '3m': 61.9098383969404, '6m': 66.5522573795753}"
186,2022-09-19,"{'1m': 60.8790611172211, '1w': 67.8076884410123, '1y': 67.9357656598729, '2w': 79.5767319803734, '3m': 61.0244385865729, '6m': 66.7893102687539}"
187,2022-09-20,"{'1m': 60.0157588025306, '1w': 63.7046039281003, '1y': 67.6541738495101, '2w': 80.2027991441463, '3m': 60.0355412391685, '6m': 66.9081600166819}"
188,2022-09-21,"{'1m': 60.1416615000621, '1w': 47.1056173202977, '1y': 67.4487326919773, '2w': 77.0955644901613, '3m': 59.6971481261623, '6m': 66.938654213882}"
189,2022-09-22,"{'1m': 60.4344471039387, '1w': 49.2748454996073, '1y': 67.4126000074034, '2w': 77.0495787995655, '3m': 59.3726666108206, '6m': 66.7854709504017}"
190,2022-09-23,"{'1m': 60.8853928200721, '1w': 52.3650185489873, '1y': 67.3473661832278, '2w': 65.9460481609569, '3m': 59.4294144239977, '6m': 66.8606173440248}"
191,2022-09-24,"{'1m': 61.0042265321908, '1w': 51.7010731679307, '1y': 67.2592974679955, '2w': 61.3944076450126, '3m': 59.1964459704381, '6m': 66.7555251235596}"
192,2022-09-25,"{'1m': 60.8600197433621, '1w': 50.7971482344041, '1y': 67.1946538139784, '2w': 60.6074469674918, '3m': 59.1515116998428, '6m': 66.6400797234766}"
193,2022-09-26,"{'1m': 60.3861403763024, '1w': 37.1002089516246, '1y': 67.1841166738567, '2w': 58.4226354262952, '3m': 59.1540098626204, '6m': 66.6450459570298}"
194,2022-09-27,"{'1m': 60.2447323285133, '1w': 45.6714603701631, '1y': 67.29559168319619, '2w': 58.7856739387067, '3m': 59.838838137419, '6m': 66.9688575716765}"
195,2022-09-28,"{'1m': 62.7341551137617, '1w': 57.8831141812079, '1y': 67.3929023596832, '2w': 53.5693822668146, '3m': 60.6087391884382, '6m': 66.8453265801366}"
196,2022-09-29,"{'1m': 63.1910747580677, '1w': 58.3641040080297, '1y': 67.4303125397401, '2w': 54.9152899717935, '3m': 60.4959674660791, '6m': 66.9332393344778}"
197,2022-09-30,"{'1m': 62.800871929082604, '1w': 56.1999129195124, '1y': 67.336109511023, '2w': 54.8733398066696, '3m': 59.8891616119472, '6m': 66.9688734008877}"
198,2022-10-01,"{'1m': 63.7088242521718, '1w': 56.3804030193723, '1y': 66.936584446986, '2w': 54.6471951387619, '3m': 59.8307750733609, '6m': 66.9689062689182}"
199,2022-10-02,"{'1m': 63.5903334594637, '1w': 56.318050507604, '1y': 66.6989583260546, '2w': 54.2187751141497, '3m': 59.6520139862692, '6m': 66.8318979245177}"
200,2022-10-03,"{'1m': 63.5915443190909, '1w': 56.51577774346, '1y': 66.7064101093605, '2w': 47.8426116613505, '3m': 59.6873319761821, '6m': 66.8512531053279}"
201,2022-10-04,"{'1m': 64.5714557829797, '1w': 50.6741083049288, '1y': 66.7880685282947, '2w': 48.2995470728209, '3m': 59.8431031437481, '6m': 67.0450143296287}"
202,2022-10-05,"{'1m': 64.8616719800778, '1w': 33.6662787091028, '1y': 66.68262030409, '2w': 47.7590945732789, '3m': 59.4885276890241, '6m': 67.0796970228813}"
203,2022-10-06,"{'1m': 64.4233029591993, '1w': 30.5497893604655, '1y': 66.3980343892229, '2w': 46.6354197111679, '3m': 59.3608010458898, '6m': 66.9181714198289}"
204,2022-10-07,"{'1m': 62.5832452952745, '1w': 34.0818373976964, '1y': 66.2405952733969, '2w': 46.500592954307, '3m': 59.1330153998203, '6m': 66.8391505425512}"
205,2022-10-08,"{'1m': 62.4938011824369, '1w': 35.0236617957653, '1y': 66.2409583677396, '2w': 46.9351089569495, '3m': 58.2855596706349, '6m': 66.846616583802}"
206,2022-10-09,"{'1m': 55.9633323208836, '1w': 34.8422466507062, '1y': 66.2306455324519, '2w': 46.8240310735017, '3m': 58.2433035311197, '6m': 66.7946891198607}"
207,2022-10-10,"{'1m': 53.6194814231467, '1w': 34.4642684457103, '1y': 66.222935872198, '2w': 46.8357985754749, '3m': 58.0568369382227, '6m': 66.7780604168813}"
208,2022-10-11,"{'1m': 53.4930195110059, '1w': 24.7923796936813, '1y': 66.1528096017481, '2w': 40.5318821466345, '3m': 57.7723593874828, '6m': 66.5553091039889}"
209,2022-10-12,"{'1m': 52.5283708826624, '1w': 19.7463748294929, '1y': 66.1202237998721, '2w': 30.9615191896984, '3m': 57.3378245512029, '6m': 66.3684180055085}"
210,2022-10-13,"{'1m': 49.2527088298957, '1w': 21.0648321803135, '1y': 66.0787151375979, '2w': 29.3181525045112, '3m': 57.2765291231674, '6m': 66.3141329442164}"
211,2022-10-14,"{'1m': 44.5752252504396, '1w': 32.9885552538275, '1y': 66.084851505443, '2w': 33.707285630496, '3m': 57.3228106036429, '6m': 66.3922540033913}"
212,2022-10-15,"{'1m': 44.9420358577358, '1w': 34.2653963590398, '1y': 65.9405119510163, '2w': 34.8362903147222, '3m': 57.0699586839004, '6m': 66.3825213044068}"
213,2022-10-16,"{'1m': 44.6726926020711, '1w': 34.4295506361688, '1y': 65.8310615567911, '2w': 34.8099728145497, '3m': 57.0178392173963, '6m': 66.3736665430793}"
214,2022-10-17,"{'1m': 44.6315635205584, '1w': 35.3915038063419, '1y': 65.8441645718149, '2w': 34.9263135874067, '3m': 56.8386721686489, '6m': 66.4144650296336}"
215,2022-10-18,"{'1m': 44.5884333789578, '1w': 34.5444974114781, '1y': 65.826963207596, '2w': 31.3537026813566, '3m': 56.4610530155948, '6m': 66.363659297859}"
216,2022-10-19,"{'1m': 41.0486743221222, '1w': 36.4058382254205, '1y': 65.7943029012492, '2w': 30.2936034710158, '3m': 55.6963742488958, '6m': 66.1319961867997}"
217,2022-10-20,"{'1m': 39.9396838698199, '1w': 34.9977269712474, '1y': 65.6718096473503, '2w': 30.1110633254382, '3m': 54.5694042396197, '6m': 66.0884089082954}"
218,2022-10-21,"{'1m': 39.4128534258828, '1w': 24.2072495982351, '1y': 65.583181932525, '2w': 28.9635274085098, '3m': 54.2530214560261, '6m': 66.058426179622}"
219,2022-10-22,"{'1m': 38.8314240827606, '1w': 19.9721857879474, '1y': 65.5126606928997, '2w': 28.1771403171665, '3m': 54.1136243312557, '6m': 65.8735548247574}"
220,2022-10-23,"{'1m': 37.922546144694, '1w': 20.549557615343, '1y': 65.477371593358, '2w': 28.476801837664, '3m': 53.7980237197871, '6m': 65.8532294148639}"
221,2022-10-24,"{'1m': 37.7463144659767, '1w': 19.4516886591825, '1y': 65.4800388389845, '2w': 28.5593316614193, '3m': 53.718458637936, '6m': 65.8705553967039}"
222,2022-10-25,"{'1m': 38.4932432304818, '1w': 23.935047196689702, '1y': 65.4242557735334, '2w': 29.7855595266895, '3m': 53.5773157267793, '6m': 65.9235713870049}"
223,2022-10-26,"{'1m': 41.7249962700431, '1w': 37.294642236841, '1y': 65.6081071933399, '2w': 37.7654394819934, '3m': 53.8000766626158, '6m': 66.075904414077}"
224,2022-10-27,"{'1m': 39.0605797618108, '1w': 38.1496318439929, '1y': 65.4804261961926, '2w': 37.8460716143906, '3m': 53.305017169844604, '6m': 65.9329975429833}"
225,2022-10-28,"{'1m': 35.0396217537273, '1w': 41.170588549432, '1y': 65.4077949847596, '2w': 35.9336485390132, '3m': 51.1875487105103, '6m': 65.8821442405735}"
226,2022-10-29,"{'1m': 34.7025324652828, '1w': 41.7745393687057, '1y': 65.3804085225134, '2w': 34.4317180596556, '3m': 50.9647185993052, '6m': 65.9077094646191}"
227,2022-10-30,"{'1m': 34.5472822252108, '1w': 42.6320152125029, '1y': 65.3719917577234, '2w': 34.704950730296, '3m': 50.8726378473953, '6m': 65.8837687563118}"
228,2022-10-31,"{'1m': 34.300757392985, '1w': 44.5828075336468, '1y': 65.3727932897972, '2w': 35.3419597841772, '3m': 50.8156327301949, '6m': 65.7171942718291}"
229,2022-11-01,"{'1m': 33.9616380171457, '1w': 42.5568833857292, '1y': 65.3538373437016, '2w': 34.9216668121396, '3m': 50.634967448139, '6m': 65.6981268862036}"
230,2022-11-02,"{'1m': 33.9988646140643, '1w': 27.296690377315, '1y': 65.2955427334457, '2w': 34.0960762185263, '3m': 50.5730258927321, '6m': 65.6379899439976}"
231,2022-11-03,"{'1m': 33.9627813357646, '1w': 24.0710178799428, '1y': 65.2619614055989, '2w': 34.3338510103025, '3m': 50.4965052127044, '6m': 65.6312903400498}"
232,2022-11-04,"{'1m': 33.4149642920685, '1w': 27.7056684187411, '1y': 65.3065778271945, '2w': 35.7968143250088, '3m': 50.6058933725071, '6m': 65.6321634221001}"
233,2022-11-05,"{'1m': 34.7026588814249, '1w': 33.3673913403604, '1y': 65.4046846669119, '2w': 38.5109192864756, '3m': 50.9880557266683, '6m': 65.4259511351944}"
234,2022-11-06,"{'1m': 34.7364910109205, '1w': 33.421299970622, '1y': 65.3975509870694, '2w': 38.8881389863507, '3m': 50.9583559717797, '6m': 64.7369965336647}"
235,2022-11-07,"{'1m': 34.7739926281759, '1w': 36.1196560841251, '1y': 65.3848384412586, '2w': 41.0252430963119, '3m': 51.0976724975953, '6m': 64.7745443748794}"
236,2022-11-08,"{'1m': 41.8714676105341, '1w': 60.5484469797078, '1y': 65.445855856676, '2w': 53.8370877122535, '3m': 52.4375207444304, '6m': 65.2730289683907}"
237,2022-11-09,"{'1m': 56.8117409919706, '1w': 93.746206388625, '1y': 66.2860855943255, '2w': 71.8862010281236, '3m': 56.6335709793294, '6m': 66.5560501767702}"
238,2022-11-10,"{'1m': 63.7239194154171, '1w': 109.226223698674, '1y': 66.7896723681581, '2w': 82.0785651475511, '3m': 58.7209301349662, '6m': 67.1973823059816}"
239,2022-11-11,"{'1m': 65.8888080219897, '1w': 111.951134217709, '1y': 66.9067097096642, '2w': 86.1764944000234, '3m': 58.7372162317641, '6m': 67.3404952456872}"
240,2022-11-12,"{'1m': 66.2118349232826, '1w': 103.584004043377, '1y': 66.9221640265348, '2w': 84.8658384494807, '3m': 58.7658269853986, '6m': 66.3946275060435}"
241,2022-11-13,"{'1m': 66.1543237625593, '1w': 102.972117513224, '1y': 66.9204803115727, '2w': 84.718627467404, '3m': 58.5630743547812, '6m': 65.6537566479863}"
242,2022-11-14,"{'1m': 65.3708455478716, '1w': 105.182043115786, '1y': 66.9534190825481, '2w': 85.5255394131278, '3m': 58.7575701267409, '6m': 65.5958526762221}"
243,2022-11-15,"{'1m': 65.9313705610712, '1w': 106.274179374244, '1y': 66.996763588061, '2w': 87.5741394735296, '3m': 59.0052298077401, '6m': 65.5765149849313}"
244,2022-11-16,"{'1m': 66.0684159053506, '1w': 79.2524341957647, '1y': 66.6864430234988, '2w': 87.726968544826, '3m': 59.011695402732, '6m': 65.5374876162902}"
245,2022-11-17,"{'1m': 65.88872560649, '1w': 51.1684922498889, '1y': 66.6687234661414, '2w': 87.8945984515076, '3m': 58.994948476778, '6m': 65.4786105329123}"
246,2022-11-18,"{'1m': 65.8778133846929, '1w': 37.0914631761267, '1y': 66.6359555412124, '2w': 86.4814640572864, '3m': 58.9836260690861, '6m': 65.4094543735441}"
247,2022-11-19,"{'1m': 65.8192050000581, '1w': 34.1448151966403, '1y': 66.5143698381363, '2w': 82.9782727821671, '3m': 57.2504158173614, '6m': 65.2532691285569}"
248,2022-11-20,"{'1m': 65.8661574148412, '1w': 33.15961853808, '1y': 66.4421325766283, '2w': 83.1497090103354, '3m': 56.6392768659011, '6m': 65.0527833255105}"
249,2022-11-21,"{'1m': 66.5771621187662, '1w': 36.0229771991183, '1y': 66.4960347175056, '2w': 83.5571354139345, '3m': 56.9128680488081, '6m': 65.1060713535762}"
250,2022-11-22,"{'1m': 66.7420567995973, '1w': 30.9180247647789, '1y': 66.4517615568326, '2w': 79.389714408898, '3m': 56.985910471698, '6m': 65.0934087309301}"
251,2022-11-23,"{'1m': 68.0345691928509, '1w': 40.8827846719628, '1y': 66.5361020604506, '2w': 63.2435941326779, '3m': 57.4174962311021, '6m': 65.2172390882585}"
252,2022-11-24,"{'1m': 68.0858987288018, '1w': 40.9050242439094, '1y': 66.5424264692681, '2w': 46.393475440445, '3m': 57.4478182332837, '6m': 65.1127184418615}"
253,2022-11-25,"{'1m': 67.5119762985297, '1w': 40.3622305427877, '1y': 66.4678000941101, '2w': 38.7744756420974, '3m': 57.4078987280866, '6m': 65.058246987783}"
254,2022-11-26,"{'1m': 64.9384686048892, '1w': 40.335105349562, '1y': 66.211940699302, '2w': 37.379919432211, '3m': 57.2060534644426, '6m': 65.0492558237991}"
255,2022-11-27,"{'1m': 64.5407443311896, '1w': 39.9324084558131, '1y': 66.0948855007057, '2w': 36.6865057945285, '3m': 56.3272110454108, '6m': 64.9846601935676}"
256,2022-11-28,"{'1m': 64.4982191487337, '1w': 34.5498631318527, '1y': 66.1027727333942, '2w': 35.6167814459584, '3m': 56.4289528557292, '6m': 65.0169812471355}"
257,2022-11-29,"{'1m': 64.214084380488, '1w': 32.4547364621813, '1y': 65.871782621177, '2w': 33.628103055335, '3m': 56.4746738791145, '6m': 65.0401793485559}"
258,2022-11-30,"{'1m': 65.3977056900707, '1w': 29.8517276459766, '1y': 65.9429111506461, '2w': 36.1924112577624, '3m': 56.6132572838983, '6m': 64.7637805131894}"
259,2022-12-01,"{'1m': 66.7041304098091, '1w': 30.4106371134377, '1y': 65.9528269010491, '2w': 36.2324519056322, '3m': 56.903615870407, '6m': 64.5284008898616}"
260,2022-12-02,"{'1m': 66.7001125670781, '1w': 30.3337576398784, '1y': 65.9391910919215, '2w': 36.1755691114231, '3m': 56.8657101965748, '6m': 64.2224727951286}"
261,2022-12-03,"{'1m': 66.7230359925585, '1w': 30.3553555603512, '1y': 65.8906231927216, '2w': 35.9253326831574, '3m': 56.8196510366612, '6m': 64.1625977328059}"
262,2022-12-04,"{'1m': 65.910757273892, '1w': 30.2266720055475, '1y': 64.4415750729927, '2w': 35.6745774544522, '3m': 56.822910471404, '6m': 64.1274697100115}"
263,2022-12-05,"{'1m': 64.7336500638194, '1w': 24.6819589991952, '1y': 64.3042980437492, '2w': 30.6850125975471, '3m': 56.8946313587965, '6m': 64.1581821235276}"
264,2022-12-06,"{'1m': 64.7779857123971, '1w': 27.1009942046141, '1y': 64.288756777155, '2w': 29.9073864090361, '3m': 56.7755715403031, '6m': 63.7711695175337}"
265,2022-12-07,"{'1m': 64.6125182768822, '1w': 20.0015496455096, '1y': 64.0891364449438, '2w': 25.6096333296914, '3m': 56.0105636681063, '6m': 63.4651732583685}"
266,2022-12-08,"{'1m': 60.8681780952352, '1w': 19.3174469374315, '1y': 64.0815696750828, '2w': 25.8968667839304, '3m': 55.8937714342123, '6m': 63.3428770438482}"
267,2022-12-09,"{'1m': 47.6888815262252, '1w': 22.6354206953412, '1y': 64.0424252796725, '2w': 26.8397064630116, '3m': 53.6614715136582, '6m': 63.3958252573431}"
268,2022-12-10,"{'1m': 36.9835886635595, '1w': 22.6492743140483, '1y': 64.0012691460721, '2w': 26.8468630897763, '3m': 52.8601480178544, '6m': 63.3301070493305}"
269,2022-12-11,"{'1m': 32.6484847112884, '1w': 22.402675830404, '1y': 63.9826310236661, '2w': 26.7426092428744, '3m': 52.7833130631738, '6m': 63.2320336518592}"
270,2022-12-12,"{'1m': 31.8646706318152, '1w': 21.3476333670396, '1y': 63.9301919686965, '2w': 24.8544951281548, '3m': 52.5033171051882, '6m': 62.9373477708541}"
271,2022-12-13,"{'1m': 32.9857917493215, '1w': 28.1941647599229, '1y': 63.898099011151, '2w': 27.6776714644094, '3m': 51.7337228721934, '6m': 60.1477906635715}"
272,2022-12-14,"{'1m': 32.6829462971244, '1w': 30.5536658168592, '1y': 63.8867433270564, '2w': 26.9648927821244, '3m': 50.0444540608841, '6m': 58.550093152741}"
273,2022-12-15,"{'1m': 32.4610931807782, '1w': 34.7141073260246, '1y': 63.8568986280343, '2w': 28.7598713061633, '3m': 50.1359550324758, '6m': 58.0571319448502}"
274,2022-12-16,"{'1m': 33.6718849938465, '1w': 39.7065022922159, '1y': 63.8762607409172, '2w': 32.4142315251021, '3m': 50.3603288017268, '6m': 57.8879474898212}"
275,2022-12-17,"{'1m': 34.8276394597278, '1w': 43.8961984620418, '1y': 63.8549303276599, '2w': 35.2932297402435, '3m': 50.5359165463258, '6m': 57.634599183904}"
276,2022-12-18,"{'1m': 34.6252201412044, '1w': 44.0123659191855, '1y': 63.8275095171492, '2w': 35.2061977781954, '3m': 50.4621966202855, '6m': 56.544110760115}"
277,2022-12-19,"{'1m': 34.5859920093817, '1w': 43.8640770679798, '1y': 63.8042038878034, '2w': 34.5113850858597, '3m': 49.4480118133308, '6m': 55.5835043767708}"
278,2022-12-20,"{'1m': 34.7049247074023, '1w': 38.0717462687662, '1y': 63.7936313422599, '2w': 34.6570966613079, '3m': 49.1849134256461, '6m': 54.913075823012}"
279,2022-12-21,"{'1m': 32.5742057419878, '1w': 31.1307545600552, '1y': 63.6201352250705, '2w': 34.6832160643478, '3m': 49.0600996226813, '6m': 54.6671729959815}"
280,2022-12-22,"{'1m': 31.8865706543253, '1w': 29.2875563960077, '1y': 63.5850716916608, '2w': 34.1434652829623, '3m': 48.8965885021736, '6m': 54.4160928462349}"
281,2022-12-23,"{'1m': 29.6375938283747, '1w': 23.9698748159779, '1y': 63.5495094293747, '2w': 32.7811515750569, '3m': 48.6421005155922, '6m': 54.3362421857081}"
282,2022-12-24,"{'1m': 29.396563111784, '1w': 13.3107058938973, '1y': 63.3735428154785, '2w': 32.7637323016425, '3m': 48.5579955777292, '6m': 54.168369177849}"
283,2022-12-25,"{'1m': 29.2471580337528, '1w': 13.3369422560445, '1y': 63.3727977822008, '2w': 32.7635082745277, '3m': 48.5421669178426, '6m': 54.1363573583758}"
284,2022-12-26,"{'1m': 29.1767027047565, '1w': 12.244019814048, '1y': 63.3611471723596, '2w': 32.4240543720003, '3m': 48.5016341419625, '6m': 54.1190026266821}"
285,2022-12-27,"{'1m': 29.1982800900572, '1w': 9.5821128749618, '1y': 63.3220337163104, '2w': 28.2787404206969, '3m': 47.5145780480881, '6m': 54.0721264210333}"
286,2022-12-28,"{'1m': 28.5277547249387, '1w': 10.178481913247, '1y': 63.1640582772766, '2w': 24.0764779295546, '3m': 46.4311762241425, '6m': 54.028983938305}"
287,2022-12-29,"{'1m': 28.1594742722372, '1w': 10.1347184479807, '1y': 63.1041452406569, '2w': 22.4405124996392, '3m': 46.1588895641358, '6m': 53.8601492291341}"
288,2022-12-30,"{'1m': 26.180124403607, '1w': 9.22653296518999, '1y': 63.0855257033, '2w': 18.16213371842, '3m': 46.0747682134681, '6m': 53.4989249696426}"
289,2022-12-31,"{'1m': 25.7914346697571, '1w': 9.73776873314356, '1y': 63.0591012985087, '2w': 12.0929454301529, '3m': 45.8333184365139, '6m': 53.356517010073}"
290,2023-01-01,"{'1m': 25.2785897943209, '1w': 9.79479253500739, '1y': 63.034574011954, '2w': 12.027193180756, '3m': 45.7695523260332, '6m': 53.286803376423}"
291,2023-01-02,"{'1m': 25.3258401843688, '1w': 11.9071046925509, '1y': 63.0359645499881, '2w': 12.3595314712086, '3m': 45.8010872175066, '6m': 53.1994214069845}"
292,2023-01-03,"{'1m': 25.314012136429, '1w': 11.7843221525941, '1y': 63.029482930599, '2w': 10.7963032376903, '3m': 45.7354174798169, '6m': 53.1935889463417}"
293,2023-01-04,"{'1m': 25.4539538695848, '1w': 10.7624182838553, '1y': 63.0314484142504, '2w': 10.9098798787875, '3m': 45.2833593124127, '6m': 53.1001490180073}"
294,2023-01-05,"{'1m': 25.0108758449214, '1w': 10.1545232717846, '1y': 62.997683604051, '2w': 10.7546307346707, '3m': 45.1212391731891, '6m': 52.8307186888287}"
295,2023-01-06,"{'1m': 24.6709370752778, '1w': 9.56430041650024, '1y': 62.6677089177115, '2w': 10.4721415130179, '3m': 45.1019777994876, '6m': 52.7484063441694}"
296,2023-01-07,"{'1m': 24.6266246759834, '1w': 9.8966175864334, '1y': 62.6229189962598, '2w': 11.0794720442368, '3m': 44.9773167586511, '6m': 52.5450476459764}"
297,2023-01-08,"{'1m': 24.23517756108, '1w': 9.60777533171956, '1y': 62.6090993333038, '2w': 11.0441225045106, '3m': 44.8664641356285, '6m': 52.0115007710183}"
298,2023-01-09,"{'1m': 24.1022280062283, '1w': 13.2701720387562, '1y': 62.6208805615696, '2w': 13.8318536274464, '3m': 45.014973728854, '6m': 52.0512822991655}"
299,2023-01-10,"{'1m': 24.1548917821863, '1w': 13.0948835465609, '1y': 62.6123217030812, '2w': 13.7337482748013, '3m': 45.0028722508885, '6m': 51.9417776179641}"
300,2023-01-11,"{'1m': 24.3979416639016, '1w': 13.3265996441933, '1y': 62.5905878931711, '2w': 12.5963616478232, '3m': 44.9757251395388, '6m': 51.7712128493232}"
301,2023-01-12,"{'1m': 29.4956249007104, '1w': 33.0580922013388, '1y': 62.7582291107804, '2w': 26.2872516837005, '3m': 46.1376892547138, '6m': 52.0399664767652}"
302,2023-01-13,"{'1m': 30.8098353838554, '1w': 36.27750617591, '1y': 62.8627301057966, '2w': 30.3762547060658, '3m': 46.7398349826682, '6m': 52.2752129491179}"
303,2023-01-14,"{'1m': 41.7792433758289, '1w': 58.7068595844452, '1y': 63.4835169002454, '2w': 49.027635117082, '3m': 49.5018977794524, '6m': 53.5648020994343}"
304,2023-01-15,"{'1m': 41.1025159451128, '1w': 59.6896394777872, '1y': 63.4797535026913, '2w': 49.3576509610232, '3m': 49.3352679960048, '6m': 53.3701274480879}"
305,2023-01-16,"{'1m': 39.4438280367106, '1w': 60.4834944061467, '1y': 63.4975542520398, '2w': 49.3445529308227, '3m': 49.3981260331214, '6m': 53.3760901958897}"
306,2023-01-17,"{'1m': 37.755488737782, '1w': 59.7375788851126, '1y': 63.4961174596969, '2w': 48.9780044489428, '3m': 49.3803348169927, '6m': 53.2722849419009}"
307,2023-01-18,"{'1m': 38.1345073498131, '1w': 63.0312922753646, '1y': 63.4892222840236, '2w': 50.1999392899944, '3m': 49.387891833996, '6m': 53.0807252381873}"
308,2023-01-19,"{'1m': 38.913572270797204, '1w': 65.6711109173332, '1y': 63.5092104388965, '2w': 52.3019428208008, '3m': 49.4672114919095, '6m': 52.7323026671108}"
309,2023-01-20,"{'1m': 39.5265589014476, '1w': 64.7679359110897, '1y': 63.554279171134, '2w': 52.5097500503379, '3m': 49.7389788960489, '6m': 52.3131051443822}"
310,2023-01-21,"{'1m': 45.4363372138583, '1w': 56.3845770043269, '1y': 63.3820174223441, '2w': 59.5068488829111, '3m': 51.7904455911659, '6m': 53.1725757091954}"
311,2023-01-22,"{'1m': 45.6469583551591, '1w': 56.9264129245317, '1y': 62.8054619451387, '2w': 60.2491640202097, '3m': 51.8551144853579, '6m': 53.1289383316218}"
312,2023-01-23,"{'1m': 45.7428415459571, '1w': 57.5639199634559, '1y': 62.776529430784, '2w': 61.1664094407322, '3m': 51.8586617686245, '6m': 52.9449448633658}"
313,2023-01-24,"{'1m': 45.7194650880135, '1w': 57.5868847426566, '1y': 62.6864560487564, '2w': 61.0403807111534, '3m': 51.8570836801571, '6m': 52.9053811276897}"
314,2023-01-25,"{'1m': 46.3036560468466, '1w': 58.7710329579704, '1y': 62.4991822867267, '2w': 63.0513742518566, '3m': 51.7796552926155, '6m': 52.754650858578}"
315,2023-01-26,"{'1m': 46.39274473983, '1w': 55.1721239277334, '1y': 62.4487909574912, '2w': 60.7640333835569, '3m': 51.0250455916453, '6m': 52.4500193174398}"
316,2023-01-27,"{'1m': 46.4730427406462, '1w': 54.8463847505384, '1y': 62.3641685121903, '2w': 60.125504179579, '3m': 50.91730258975, '6m': 52.1493950751524}"
317,2023-01-28,"{'1m': 46.0914831946834, '1w': 23.8171192100915, '1y': 62.3145621016082, '2w': 44.9166035705533, '3m': 50.7864322369483, '6m': 51.0558312746742}"
318,2023-01-29,"{'1m': 46.0467315166809, '1w': 25.4136692139372, '1y': 62.3080520692779, '2w': 44.9807438436187, '3m': 50.7932357203479, '6m': 50.9502798581753}"
319,2023-01-30,"{'1m': 46.9535272797907, '1w': 31.2789711108239, '1y': 62.3506983660704, '2w': 47.086693248682, '3m': 51.0311746931212, '6m': 51.0258674735293}"
320,2023-01-31,"{'1m': 48.0256784444766, '1w': 35.3061031765062, '1y': 62.3539415693903, '2w': 48.981215974615, '3m': 51.1940618594264, '6m': 51.0761359198571}"
321,2023-02-01,"{'1m': 47.9986899754166, '1w': 34.2936999243041, '1y': 62.2906010342163, '2w': 48.6210005229517, '3m': 51.2458172200316, '6m': 51.0058345241392}"
322,2023-02-02,"{'1m': 48.5237886073627, '1w': 37.8699875917766, '1y': 62.3336574790178, '2w': 48.2632254160404, '3m': 51.5476537660671, '6m': 51.1407414108132}"
323,2023-02-03,"{'1m': 49.1623891016205, '1w': 39.4695141707389, '1y': 62.2469476571568, '2w': 48.4089974805648, '3m': 51.6074959412019, '6m': 51.1389778933405}"
324,2023-02-04,"{'1m': 49.4092399866513, '1w': 39.5212707238257, '1y': 61.9594257662837, '2w': 32.6512141496982, '3m': 51.3838168180261, '6m': 51.0457787674537}"
325,2023-02-05,"{'1m': 49.7964067570848, '1w': 37.8583223176709, '1y': 61.4345764517593, '2w': 32.6032812452765, '3m': 51.0277377840923, '6m': 51.0358978833604}"
326,2023-02-06,"{'1m': 50.4022158084395, '1w': 34.9876677545856, '1y': 61.4514675090762, '2w': 33.5126107595407, '3m': 51.1244823566205, '6m': 51.0701413488502}"
327,2023-02-07,"{'1m': 50.4874813015313, '1w': 31.3385997387925, '1y': 61.3254676038751, '2w': 33.3760332086188, '3m': 50.9559847378133, '6m': 51.071140713302}"
328,2023-02-08,"{'1m': 50.5574861327213, '1w': 31.1185551381375, '1y': 61.260544210641, '2w': 32.8807472315495, '3m': 49.0506929695006, '6m': 50.8954855138849}"
329,2023-02-09,"{'1m': 51.9298640907613, '1w': 25.0821308467505, '1y': 61.2870644452536, '2w': 34.2257981087526, '3m': 43.7208061564707, '6m': 50.8699093856289}"
330,2023-02-10,"{'1m': 53.9987453355784, '1w': 31.5529261094503, '1y': 61.3574074490036, '2w': 38.038716837877, '3m': 40.8217012170515, '6m': 50.907216368678704}"
331,2023-02-11,"{'1m': 54.144295385645, '1w': 31.7254203898632, '1y': 61.3015985014557, '2w': 37.9064448445351, '3m': 39.6572554857513, '6m': 50.4878626443716}"
332,2023-02-12,"{'1m': 51.9237246193718, '1w': 33.4033590118911, '1y': 61.2730247640726, '2w': 36.3359585178182, '3m': 39.3680456698742, '6m': 50.4221049391244}"
333,2023-02-13,"{'1m': 50.7242735787448, '1w': 32.778295498214, '1y': 61.2757893129904, '2w': 34.2934437486979, '3m': 39.3034784206871, '6m': 50.3286209879449}"
334,2023-02-14,"{'1m': 41.4483541827251, '1w': 34.9988554576751, '1y': 61.2950536511436, '2w': 33.8489634685113, '3m': 39.0037183213581, '6m': 50.3721366446248}"
335,2023-02-15,"{'1m': 43.4583922765854, '1w': 46.8360117067279, '1y': 61.3133417960057, '2w': 39.8145941163388, '3m': 39.4768313914875, '6m': 50.673063359059}"
336,2023-02-16,"{'1m': 52.2213313930444, '1w': 73.3889348646075, '1y': 61.9582841072485, '2w': 58.1368608916305, '3m': 42.8288387490307, '6m': 52.1431877844715}"
337,2023-02-17,"{'1m': 53.4570940736012, '1w': 71.1442045003323, '1y': 61.8993909719879, '2w': 59.8176443274019, '3m': 43.2708456932458, '6m': 52.2780353538618}"
338,2023-02-18,"{'1m': 53.8773157843064, '1w': 70.59973649088, '1y': 61.7101172500033, '2w': 61.1571426986535, '3m': 43.5176188015425, '6m': 52.3692650907027}"
339,2023-02-19,"{'1m': 53.2911357631981, '1w': 71.2000295916326, '1y': 61.7046643768434, '2w': 60.7204763520037, '3m': 43.4720310299262, '6m': 51.2977039425321}"
340,2023-02-20,"{'1m': 52.8279174926569, '1w': 70.0882407154484, '1y': 61.6148992396636, '2w': 60.1183880772943, '3m': 43.4790785005369, '6m': 50.924707097551}"
341,2023-02-21,"{'1m': 47.175641950941, '1w': 71.3034525655907, '1y': 61.6094167657919, '2w': 60.6251560836545, '3m': 42.9200267790318, '6m': 50.9518525762982}"
342,2023-02-22,"{'1m': 48.0846983681929, '1w': 73.8454382136282, '1y': 61.5472752221778, '2w': 62.5951899988787, '3m': 43.2133508495649, '6m': 51.0874612641537}"
343,2023-02-23,"{'1m': 48.1233442019048, '1w': 40.0244930878868, '1y': 61.4884548902544, '2w': 60.8735774359886, '3m': 42.8017737339711, '6m': 51.0784238770312}"
344,2023-02-24,"{'1m': 48.7569778846596, '1w': 37.5042215180865, '1y': 61.140543472295, '2w': 58.8776424481687, '3m': 43.1017928979115, '6m': 51.1780942374056}"
345,2023-02-25,"{'1m': 49.4527323168018, '1w': 33.3366903071187, '1y': 60.6819081564112, '2w': 61.0096992295894, '3m': 43.5067810245785, '6m': 51.3191968861526}"
346,2023-02-26,"{'1m': 49.2161818998457, '1w': 35.2581082725241, '1y': 60.6759192720998, '2w': 61.1517796499012, '3m': 43.5427190526741, '6m': 51.1978567681121}"
347,2023-02-27,"{'1m': 49.311661365232, '1w': 36.3820101940045, '1y': 60.6537701764455, '2w': 60.8931429195106, '3m': 43.576806585539, '6m': 50.67494016239}"
348,2023-02-28,"{'1m': 49.3131579912381, '1w': 34.1929757117273, '1y': 60.4085341001881, '2w': 60.748719197117, '3m': 43.3454003801034, '6m': 50.6684165032186}"
349,2023-03-01,"{'1m': 49.7586951156474, '1w': 32.0298900038227, '1y': 59.3682106724014, '2w': 57.843369571709204, '3m': 43.4207586368498, '6m': 50.9062630714936}"
350,2023-03-02,"{'1m': 48.7456015636491, '1w': 31.9056614105193, '1y': 59.3548373841922, '2w': 36.2157349700221, '3m': 43.4743957321224, '6m': 50.9182871806467}"
351,2023-03-03,"{'1m': 51.0056424528441, '1w': 40.6042182036698, '1y': 59.4646826175166, '2w': 39.4022945728392, '3m': 44.5368588102954, '6m': 51.2885339504236}"
352,2023-03-04,"{'1m': 51.1293107435823, '1w': 37.6913929751355, '1y': 59.2569180462503, '2w': 35.8715674753002, '3m': 44.5998230516185, '6m': 51.307523883625}"
353,2023-03-05,"{'1m': 50.9963416239416, '1w': 36.4215492867483, '1y': 59.0469901214523, '2w': 35.9469638571108, '3m': 44.5362353269028, '6m': 51.3063916008704}"
354,2023-03-06,"{'1m': 50.6822868620657, '1w': 34.5603483649628, '1y': 59.0339186649302, '2w': 35.4885287466206, '3m': 44.4378611786368, '6m': 51.207629365718}"
355,2023-03-07,"{'1m': 50.6700225579846, '1w': 34.5917038211001, '1y': 58.9880220452763, '2w': 34.4112782406365, '3m': 44.4220153286669, '6m': 50.7514126109961}"
356,2023-03-08,"{'1m': 50.6556193300479, '1w': 32.0401226633997, '1y': 58.9768218814483, '2w': 32.7184833314192, '3m': 44.4742866616145, '6m': 50.7095499241236}"
357,2023-03-09,"{'1m': 51.4234357390995, '1w': 36.901518358034, '1y': 58.5861447869264, '2w': 35.4701563048382, '3m': 45.0230334564035, '6m': 49.7394869217605}"
358,2023-03-10,"{'1m': 56.3280478693802, '1w': 52.9629444415406, '1y': 58.6951862387211, '2w': 47.9475012484881, '3m': 47.5705905140647, '6m': 50.4519805526769}"
359,2023-03-11,"{'1m': 57.0577818424449, '1w': 58.4340121176153, '1y': 58.6804465404307, '2w': 49.8101818804744, '3m': 47.770259156982, '6m': 50.5330507512607}"
360,2023-03-12,"{'1m': 57.8573320303072, '1w': 63.0482353343158, '1y': 58.7387861862803, '2w': 51.7432512533184, '3m': 47.9829776386813, '6m': 50.5451172838585}"
361,2023-03-13,"{'1m': 69.285710585052, '1w': 101.120871892919, '1y': 59.7159392878106, '2w': 76.2174336128884, '3m': 52.0435439801335, '6m': 52.1419128850499}"
362,2023-03-14,"{'1m': 74.9818241955226, '1w': 114.203026634889, '1y': 60.2941680948838, '2w': 86.9178819723441, '3m': 54.305519409259, '6m': 52.4279633104375}"
363,2023-03-15,"{'1m': 74.5833044571615, '1w': 115.507923860956, '1y': 60.3421895263788, '2w': 88.203654972847, '3m': 54.4604265317731, '6m': 52.5623992590404}"
364,2023-03-16,"{'1m': 67.826084567386, '1w': 110.619648376214, '1y': 60.2620242551551, '2w': 88.2775469871165, '3m': 54.1610450886302, '6m': 52.5590330279426}"
365,2023-03-17,"{'1m': 70.6890816808594, '1w': 86.0063200590919, '1y': 60.5736200338756, '2w': 89.2332835006289, '3m': 55.1631832385951, '6m': 53.3079304670468}"
366,2023-03-18,"{'1m': 71.8700718439388, '1w': 86.5834548895641, '1y': 60.7462419860185, '2w': 90.5687778466529, '3m': 55.8226178197405, '6m': 53.6565735606493}"
367,2023-03-19,"{'1m': 72.192981311096, '1w': 89.466673600529, '1y': 60.7289919869667, '2w': 91.1326585880548, '3m': 55.9249345663924, '6m': 53.1864922214822}"
368,2023-03-20,"{'1m': 72.5383918179679, '1w': 74.106432820428, '1y': 60.7752064168067, '2w': 91.3610742493592, '3m': 56.0616209734496, '6m': 53.152048833672}"
369,2023-03-21,"{'1m': 72.4241681100938, '1w': 60.049469801478, '1y': 60.7713391964316, '2w': 91.2465057316812, '3m': 56.092257658332, '6m': 53.0940501852926}"
370,2023-03-22,"{'1m': 71.7246557739797, '1w': 55.877926174506, '1y': 60.6984048985587, '2w': 90.7475617862264, '3m': 56.1864613607641, '6m': 53.0771671395551}"
371,2023-03-23,"{'1m': 72.3780447749475, '1w': 59.3072462947948, '1y': 60.7376908795921, '2w': 88.8115140061978, '3m': 56.4716492013156, '6m': 53.0964329777944}"
372,2023-03-24,"{'1m': 72.1550271313703, '1w': 48.7475017006199, '1y': 60.7243226973192, '2w': 75.7651539966875, '3m': 56.6573843446112, '6m': 53.164834289353}"
373,2023-03-25,"{'1m': 71.6591095463775, '1w': 40.8731862813324, '1y': 60.6993918173857, '2w': 78.4083480125585, '3m': 56.8545942899788, '6m': 53.2357307102862}"
374,2023-03-26,"{'1m': 71.6436607892857, '1w': 39.0959907123659, '1y': 60.7061477731685, '2w': 78.1964436230753, '3m': 56.8736636526064, '6m': 53.235488718516}"
375,2023-03-27,"{'1m': 72.0248020492919, '1w': 37.3443208150735, '1y': 60.7094487961282, '2w': 64.987659591048, '3m': 57.0256383038437, '6m': 52.9141014156275}"
376,2023-03-28,"{'1m': 72.7474807109574, '1w': 39.8959349994688, '1y': 60.5184956800127, '2w': 55.0092090514204, '3m': 57.2560400790279, '6m': 52.5115791528282}"
377,2023-03-29,"{'1m': 72.6352869991186, '1w': 48.9433101075858, '1y': 60.6619657335272, '2w': 55.3003754629575, '3m': 57.6915113986097, '6m': 52.7101593124538}"
378,2023-03-30,"{'1m': 71.7983153736856, '1w': 47.8320523835794, '1y': 60.704770706028, '2w': 55.4940584302007, '3m': 57.8201053174959, '6m': 52.7756041919277}"
379,2023-03-31,"{'1m': 71.0074889529513, '1w': 46.734608015967, '1y': 60.7081438630971, '2w': 48.2729706863142, '3m': 57.9651424425226, '6m': 52.700142500762}"
380,2023-04-01,"{'1m': 71.0072796946235, '1w': 44.6186178600646, '1y': 60.6200037403522, '2w': 42.9796944468535, '3m': 57.9828799235685, '6m': 52.6823918320756}"
381,2023-04-02,"{'1m': 70.9115852941194, '1w': 44.9135919770244, '1y': 60.5601792306745, '2w': 42.1214293317072, '3m': 58.0408975244616, '6m': 52.6890181182106}"
382,2023-04-03,"{'1m': 69.0333123384455, '1w': 43.9382053899193, '1y': 60.5677808617495, '2w': 40.9415619127456, '3m': 58.1521617201496, '6m': 52.7116639739238}"
383,2023-04-04,"{'1m': 68.884547437962, '1w': 39.1254451004915, '1y': 60.5689793747254, '2w': 40.7211059627702, '3m': 58.1712068564618, '6m': 52.5498908307767}"
384,2023-04-05,"{'1m': 68.9792085792982, '1w': 29.1808851909497, '1y': 60.5770318646687, '2w': 40.2778313378878, '3m': 58.2056649930203, '6m': 52.5262690465877}"
385,2023-04-06,"{'1m': 69.3188898343901, '1w': 26.0550366854299, '1y': 60.4794966511404, '2w': 38.7826719930923, '3m': 58.328625899765, '6m': 52.5708824292041}"
386,2023-04-07,"{'1m': 69.2642920947282, '1w': 22.7518267300253, '1y': 60.4006123260431, '2w': 36.8199994605637, '3m': 58.349286568409, '6m': 52.4791478744198}"
387,2023-04-08,"{'1m': 68.9380293378312, '1w': 20.5847473851087, '1y': 60.3902295608137, '2w': 35.4072784063652, '3m': 58.3491732098126, '6m': 52.4130785781232}"
388,2023-04-09,"{'1m': 67.4326304360501, '1w': 20.6454702527812, '1y': 60.3550894199952, '2w': 35.1659631531344, '3m': 58.3223728934236, '6m': 52.4154364246423}"
389,2023-04-10,"{'1m': 61.1919021079024, '1w': 24.4620707403119, '1y': 60.4003003017749, '2w': 35.5637025083096, '3m': 58.450144110505, '6m': 52.4925094697785}"
390,2023-04-11,"{'1m': 62.6958226893514, '1w': 41.331140061569, '1y': 60.4929083238921, '2w': 40.4850591236033, '3m': 59.2276142781485, '6m': 52.9349938919391}"
391,2023-04-12,"{'1m': 62.6049696548661, '1w': 41.8380499050846, '1y': 60.3738038413907, '2w': 36.6462623978787, '3m': 58.5597161060103, '6m': 52.9488833524127}"
392,2023-04-13,"{'1m': 53.2217907036967, '1w': 38.6418359063506, '1y': 60.3433581332477, '2w': 35.1395432621001, '3m': 58.1462683575223, '6m': 52.9113725769965}"
393,2023-04-14,"{'1m': 46.3896711212108, '1w': 38.0478846670024, '1y': 60.2958319354519, '2w': 34.1777884013659, '3m': 55.6586901296632, '6m': 52.7440155911074}"
394,2023-04-15,"{'1m': 45.3275050337635, '1w': 40.0026658426881, '1y': 60.262708473925, '2w': 34.5021953757281, '3m': 55.6640860084814, '6m': 52.6560622830114}"
395,2023-04-16,"{'1m': 45.0351917512063, '1w': 40.2281854403173, '1y': 60.2579070059997, '2w': 34.1516786483821, '3m': 55.6382377459502, '6m': 52.6569487907207}"
396,2023-04-17,"{'1m': 41.1202385853871, '1w': 43.9052854488323, '1y': 60.2944950760943, '2w': 35.5617654921939, '3m': 55.8502886806601, '6m': 52.7462978796175}"
397,2023-04-18,"{'1m': 38.8079958346281, '1w': 28.0747019882919, '1y': 60.2816778402098, '2w': 36.8060423119451, '3m': 55.929082897295, '6m': 52.800554654874404}"
398,2023-04-19,"{'1m': 39.7376694514138, '1w': 34.9867160923506, '1y': 60.2386179962371, '2w': 39.8019346199335, '3m': 56.1152273300575, '6m': 52.9364483378845}"
399,2023-04-20,"{'1m': 40.6269646247492, '1w': 39.4173611438976, '1y': 60.3058756131141, '2w': 42.8264647567116, '3m': 56.3761203662193, '6m': 53.1577143690608}"
400,2023-04-21,"{'1m': 41.4171734452889, '1w': 36.9134268510493, '1y': 60.3407867684868, '2w': 44.9190359570934, '3m': 54.7821286627084, '6m': 53.2913574587466}"
401,2023-04-22,"{'1m': 41.8724593387919, '1w': 38.8290166967336, '1y': 60.2659508272459, '2w': 46.7569911408196, '3m': 54.9937200005737, '6m': 53.4304164141399}"
402,2023-04-23,"{'1m': 41.0691514917484, '1w': 40.8913774696197, '1y': 60.2494685837419, '2w': 46.9603374227698, '3m': 55.0009370923256, '6m': 53.4361032345374}"
403,2023-04-24,"{'1m': 40.2796526343059, '1w': 40.7365613859821, '1y': 60.2509620695649, '2w': 45.1714090413799, '3m': 54.9970386219067, '6m': 53.4326995164959}"
404,2023-04-25,"{'1m': 39.979892889785, '1w': 37.681420311496, '1y': 60.2363441167124, '2w': 34.8997888526462, '3m': 54.9474551790793, '6m': 53.3714771742155}"
405,2023-04-26,"{'1m': 43.8384952323781, '1w': 54.3014697170413, '1y': 60.3470342377446, '2w': 45.6473469945406, '3m': 55.8348663828354, '6m': 53.4699073061498}"
