timestamp,Bybit_ETHUSDC_bid,Bybit_ETHUSDC_ask,Deribit_ETHPERPETUAL_bid,Deribit_ETHPERPETUAL_ask,Bitget_ETHUSDTUMCBL_bid,Bitget_ETHUSDTUMCBL_ask
2023-08-01 14:44:49,1832.01,1832.16,1833.1,1833.15,1831.91,1831.92
2023-08-01 14:44:59,1832.02,1832.16,1833.1,1833.15,1831.91,1831.92
2023-08-01 14:45:10,1832.5,1832.63,1833.3,1833.35,1832.42,1832.43
2023-08-01 14:45:21,1832.74,1832.98,1833.55,1833.6,1832.47,1832.49
2023-08-01 14:45:32,1833.28,1833.39,1834.35,1834.4,1833.15,1833.16
2023-08-01 14:45:42,1833.16,1833.23,1834.35,1834.4,1833.15,1833.16
2023-08-01 14:45:53,1832.28,1832.47,1833.5,1833.55,1832.45,1832.46
2023-08-01 14:46:05,1831.93,1832.03,1833.25,1833.3,1831.69,1831.7
2023-08-01 14:46:15,1831.63,1831.78,1832.7,1832.75,1831.5,1831.51
2023-08-01 14:46:26,1831.95,1832.04,1832.7,1832.75,1831.52,1831.53
2023-08-01 14:46:38,1831.97,1832.11,1833.15,1833.2,1831.67,1831.68
2023-08-01 14:46:49,1831.84,1831.96,1833.15,1833.2,1831.66,1831.67
2023-08-01 14:46:59,1832.26,1832.47,1833.15,1833.2,1831.83,1831.84
2023-08-01 14:47:11,1832.34,1832.47,1833.15,1833.2,1831.93,1831.94
2023-08-01 14:47:21,1832.19,1832.28,1833.15,1833.2,1831.86,1831.87
2023-08-01 14:47:32,1832.32,1832.4,1833.15,1833.2,1831.73,1831.74
2023-08-01 14:47:42,1832.7,1832.77,1833.45,1833.5,1831.99,1832.0
2023-08-01 14:47:53,1832.65,1832.81,1833.45,1833.5,1832.02,1832.03
2023-08-01 14:48:05,1832.62,1832.72,1833.85,1833.9,1832.35,1832.36
2023-08-01 14:48:16,1832.55,1832.69,1833.85,1833.9,1832.35,1832.36
2023-08-01 14:48:26,1832.44,1832.56,1833.7,1833.75,1832.35,1832.36
2023-08-01 14:48:37,1832.04,1832.16,1833.15,1833.2,1831.81,1831.82
2023-08-01 14:48:47,1832.18,1832.23,1833.2,1833.25,1831.81,1831.82
2023-08-01 14:48:58,1832.7,1832.78,1833.8,1833.85,1832.34,1832.35
2023-08-01 14:49:09,1832.71,1832.8,1833.8,1833.85,1832.34,1832.35
2023-08-01 14:49:21,1832.66,1832.79,1833.85,1833.9,1832.34,1832.35
2023-08-01 14:49:31,1833.43,1833.45,1834.4,1834.45,1833.09,1833.1
2023-08-01 14:49:42,1833.25,1833.28,1834.4,1834.45,1833.08,1833.09
2023-08-01 14:49:54,1833.61,1833.71,1834.65,1834.7,1833.3,1833.31
2023-08-01 14:50:05,1833.46,1833.54,1834.65,1834.7,1833.29,1833.3
2023-08-01 14:50:16,1833.72,1833.78,1834.65,1834.7,1833.32,1833.33
2023-08-01 14:50:26,1834.66,1834.79,1835.85,1835.9,1834.33,1834.34
2023-08-01 14:50:37,1834.69,1834.93,1835.85,1835.9,1834.26,1834.27
2023-08-01 14:50:48,1834.69,1834.82,1835.85,1835.9,1834.26,1834.27
2023-08-01 14:50:59,1834.6,1834.71,1835.9,1835.95,1834.26,1834.27
2023-08-01 14:51:10,1835.02,1835.19,1835.9,1835.95,1834.3,1834.31
2023-08-01 14:51:21,1834.97,1835.1,1836.25,1836.3,1834.73,1834.74
2023-08-01 14:51:32,1835.08,1835.2,1836.25,1836.3,1834.72,1834.73
2023-08-01 14:51:43,1834.66,1834.79,1836.25,1836.3,1834.62,1834.63
2023-08-01 14:51:53,1834.67,1834.77,1836.25,1836.3,1834.28,1834.29
2023-08-01 14:52:04,1834.33,1834.42,1835.75,1835.8,1834.27,1834.28
2023-08-01 14:52:14,1834.73,1834.85,1835.75,1835.8,1834.3,1834.31
2023-08-01 14:52:26,1834.49,1834.56,1835.75,1835.8,1834.3,1834.31
2023-08-01 14:52:37,1834.9,1835.01,1835.75,1835.8,1834.42,1834.43
2023-08-01 14:52:48,1834.51,1834.6,1835.75,1835.8,1834.33,1834.34
2023-08-01 14:52:58,1834.65,1834.71,1835.75,1835.8,1834.33,1834.34
2023-08-01 14:53:10,1834.68,1834.77,1835.75,1835.8,1834.33,1834.34
2023-08-01 14:53:20,1834.5,1834.58,1835.75,1835.8,1834.21,1834.22
2023-08-01 14:53:31,1834.69,1834.79,1835.75,1835.8,1834.33,1834.34
2023-08-01 14:53:41,1834.8,1834.95,1835.95,1836.0,1834.52,1834.53
2023-08-01 14:53:52,1834.76,1834.82,1835.95,1836.0,1834.43,1834.44
2023-08-01 14:54:03,1834.48,1834.58,1835.95,1836.0,1834.43,1834.44
2023-08-01 14:56:58,1834.09,1834.26,1835.3,1835.35,1833.71,1833.72
2023-08-01 14:57:09,1834.11,1834.25,1835.3,1835.35,1833.7,1833.71
2023-08-01 14:57:20,1834.0,1834.13,1835.3,1835.35,1833.7,1833.71
2023-08-01 14:57:30,1833.93,1834.02,1835.3,1835.35,1833.7,1833.71
2023-08-01 14:57:41,1833.62,1833.72,1834.95,1835.0,1833.29,1833.3
2023-08-01 14:57:52,1833.16,1833.26,1834.35,1834.4,1832.87,1832.88
2023-08-01 14:58:03,1833.15,1833.25,1834.35,1834.4,1832.88,1832.89
2023-08-01 14:58:13,1833.43,1833.59,1834.35,1834.4,1832.96,1832.97
2023-08-01 14:59:31,1833.11,1833.2,1834.4,1834.45,1832.74,1832.75
2023-08-01 14:59:42,1832.85,1833.0,1834.4,1834.45,1832.73,1832.74
2023-08-01 14:59:53,1832.88,1833.02,1834.4,1834.45,1832.73,1832.74
2023-08-01 15:00:04,1832.33,1832.53,1833.55,1833.6,1832.0,1832.02
2023-08-01 15:06:52,1832.81,1832.94,1833.9,1833.95,1832.53,1832.54
2023-08-01 15:07:03,1832.46,1832.58,1833.8,1833.85,1832.11,1832.12
2023-08-01 15:10:28,1832.55,1832.64,1833.55,1833.6,1832.18,1832.19
2023-08-01 15:10:39,1832.52,1832.63,1833.55,1833.6,1832.17,1832.18
2023-08-01 15:10:50,1832.65,1832.72,1833.55,1833.6,1832.17,1832.18
2023-08-01 15:11:00,1832.79,1832.88,1833.55,1833.6,1832.23,1832.24
2023-08-01 15:16:34,1831.88,1831.99,1832.95,1833.0,1831.62,1831.63
2023-08-01 15:16:45,1831.86,1831.91,1833.25,1833.3,1831.86,1831.87
2023-08-01 15:16:57,1832.12,1832.18,1833.25,1833.3,1831.76,1831.77
2023-08-01 15:17:08,1832.34,1832.44,1833.25,1833.3,1831.83,1831.84
2023-08-01 15:17:19,1832.22,1832.33,1833.25,1833.3,1831.78,1831.79
2023-08-01 15:17:30,1832.31,1832.46,1833.25,1833.3,1831.82,1831.83
2023-08-01 15:17:40,1832.63,1832.73,1833.45,1833.5,1832.19,1832.2
2023-08-01 15:17:51,1832.27,1832.32,1833.45,1833.5,1831.87,1831.88
2023-08-01 15:18:02,1832.33,1832.43,1833.45,1833.5,1831.87,1831.88
2023-08-01 15:18:13,1832.28,1832.39,1833.45,1833.5,1831.87,1831.88
2023-08-01 15:18:24,1832.65,1832.77,1833.45,1833.5,1832.27,1832.28
2023-08-01 15:18:35,1832.3,1832.38,1833.45,1833.5,1832.13,1832.14
2023-08-01 15:18:46,1831.94,1832.0,1833.1,1833.15,1831.77,1831.78
2023-08-01 15:21:32,1832.47,1832.6,1833.3,1833.35,1832.01,1832.02
2023-08-01 15:21:42,1832.66,1832.77,1833.6,1833.65,1832.1,1832.11
2023-08-01 15:21:53,1832.91,1833.01,1833.95,1834.0,1832.6,1832.61
2023-08-01 15:22:04,1833.03,1833.12,1833.95,1834.0,1832.6,1832.61
2023-08-01 15:22:15,1833.27,1833.46,1834.45,1834.5,1832.82,1832.84
2023-08-01 15:22:26,1833.48,1833.63,1834.75,1834.8,1833.05,1833.07
2023-08-01 15:22:36,1833.82,1833.93,1834.75,1834.8,1833.36,1833.37
2023-08-01 15:22:47,1834.4,1834.51,1835.65,1835.7,1834.08,1834.09
2023-08-01 15:22:57,1834.04,1834.17,1835.1,1835.15,1834.03,1834.04
2023-08-01 15:23:08,1834.11,1834.23,1835.1,1835.15,1833.85,1833.86
2023-08-01 15:23:19,1833.87,1833.91,1835.1,1835.15,1833.84,1833.85
2023-08-01 15:23:30,1834.26,1834.34,1835.35,1835.4,1833.81,1833.82
2023-08-01 15:23:41,1834.36,1834.48,1835.35,1835.4,1834.05,1834.06
2023-08-01 15:23:51,1834.23,1834.34,1835.35,1835.4,1834.03,1834.04
2023-08-01 15:24:02,1834.23,1834.33,1835.35,1835.4,1834.03,1834.04
2023-08-01 15:24:13,1833.89,1833.97,1835.1,1835.15,1833.53,1833.54
2023-08-01 15:24:24,1833.96,1834.05,1835.05,1835.1,1833.52,1833.54
2023-08-01 15:24:34,1833.71,1833.79,1834.75,1834.8,1833.28,1833.29
2023-08-01 15:24:46,1833.76,1833.87,1834.75,1834.8,1833.28,1833.29
2023-08-01 15:24:57,1834.02,1834.11,1834.9,1834.95,1833.54,1833.55
2023-08-01 15:25:07,1833.76,1833.88,1834.9,1834.95,1833.55,1833.56
2023-08-01 15:25:18,1834.57,1834.72,1835.55,1835.6,1834.21,1834.22
2023-08-01 15:25:29,1834.86,1834.99,1835.75,1835.8,1834.52,1834.53
2023-08-01 15:56:18,1828.85,1828.97,1830.0,1830.05,1828.91,1828.92
2023-08-01 15:56:29,1828.49,1828.64,1829.75,1829.8,1828.55,1828.56
2023-08-01 15:56:39,1827.71,1827.79,1828.75,1828.8,1827.79,1827.8
2023-08-01 15:56:50,1827.83,1827.93,1828.95,1829.0,1827.76,1827.77
2023-08-01 15:57:00,1827.45,1827.61,1828.65,1828.7,1827.45,1827.46
2023-08-01 15:57:11,1827.75,1827.84,1828.85,1828.9,1827.73,1827.74
2023-08-01 15:57:23,1827.61,1827.72,1828.85,1828.9,1827.73,1827.74
2023-08-01 15:58:54,1826.61,1826.74,1828.2,1828.25,1826.66,1826.67
2023-08-01 15:59:05,1826.62,1826.79,1828.0,1828.05,1826.65,1826.66
2023-08-01 15:59:17,1826.14,1826.26,1827.35,1827.4,1826.01,1826.03
2023-08-01 15:59:28,1827.14,1827.26,1828.15,1828.2,1826.89,1826.9
2023-08-01 15:59:39,1827.2,1827.36,1828.15,1828.2,1826.9,1826.91
2023-08-01 15:59:49,1827.21,1827.28,1828.4,1828.45,1826.99,1827.0
2023-08-01 16:05:27,1825.25,1825.29,1826.1,1826.15,1825.14,1825.15
2023-08-01 16:05:38,1825.5,1825.6,1826.35,1826.4,1825.38,1825.39
2023-08-01 16:05:49,1826.06,1826.17,1826.9,1826.95,1825.91,1825.92
2023-08-01 16:06:00,1826.06,1826.19,1827.0,1827.05,1825.99,1826.0
2023-08-01 16:06:11,1826.15,1826.28,1827.0,1827.05,1826.38,1826.4
2023-08-01 16:06:21,1827.01,1827.17,1827.9,1827.95,1827.02,1827.06
2023-08-01 16:06:32,1827.45,1827.62,1828.5,1828.55,1827.49,1827.5
2023-08-01 16:06:43,1827.64,1827.71,1828.9,1828.95,1828.0,1828.01
2023-08-01 16:06:54,1827.27,1827.41,1828.85,1828.9,1828.0,1828.01
2023-08-01 16:07:04,1827.25,1827.37,1828.85,1828.9,1827.73,1827.74
2023-08-01 16:07:15,1826.74,1826.83,1828.3,1828.35,1827.35,1827.36
2023-08-01 16:07:26,1826.4,1826.59,1828.0,1828.05,1826.93,1826.94
2023-08-01 16:07:38,1826.77,1826.96,1828.0,1828.05,1827.02,1827.03
2023-08-01 16:07:48,1826.55,1826.67,1828.0,1828.05,1827.02,1827.03
2023-08-01 16:07:59,1826.89,1826.94,1828.25,1828.3,1827.3,1827.31
2023-08-01 16:08:10,1827.03,1827.15,1828.25,1828.3,1827.31,1827.32
2023-08-01 16:08:21,1826.79,1826.95,1828.1,1828.15,1827.3,1827.31
2023-08-01 16:08:32,1827.36,1827.5,1828.55,1828.6,1827.64,1827.65
2023-08-01 16:08:43,1827.33,1827.45,1828.9,1828.95,1827.79,1827.8
2023-08-01 16:08:54,1827.61,1827.63,1828.9,1828.95,1827.8,1827.82
2023-08-01 16:09:05,1827.49,1827.59,1828.9,1828.95,1827.82,1827.83
2023-08-01 16:09:16,1827.41,1827.5,1828.9,1828.95,1827.84,1827.85
2023-08-01 16:09:27,1827.67,1827.79,1828.9,1828.95,1827.99,1828.0
2023-08-01 16:09:38,1827.7,1827.84,1828.9,1828.95,1827.95,1828.0
2023-08-01 16:09:49,1827.72,1827.8,1828.9,1828.95,1827.99,1828.0
2023-08-01 16:09:59,1827.84,1827.93,1828.9,1828.95,1828.03,1828.04
2023-08-01 16:10:10,1827.97,1828.11,1828.9,1828.95,1828.28,1828.29
2023-08-01 16:10:21,1828.01,1828.1,1829.15,1829.2,1828.37,1828.38
2023-08-01 16:10:32,1828.06,1828.17,1829.15,1829.2,1828.37,1828.38
2023-08-01 16:10:44,1828.17,1828.29,1829.15,1829.2,1828.37,1828.38
2023-08-01 16:10:54,1828.01,1828.17,1829.15,1829.2,1828.37,1828.38
2023-08-01 16:11:05,1828.26,1828.38,1829.15,1829.2,1828.37,1828.38
2023-08-01 16:11:16,1828.25,1828.37,1829.2,1829.25,1828.48,1828.5
2023-08-01 16:11:27,1828.15,1828.26,1829.2,1829.25,1828.61,1828.62
2023-08-01 16:11:37,1828.3,1828.39,1829.25,1829.3,1828.61,1828.63
2023-08-01 16:11:48,1828.49,1828.59,1829.6,1829.65,1828.69,1828.7
2023-08-01 16:11:58,1828.48,1828.59,1829.6,1829.65,1828.83,1828.84
2023-08-01 16:12:09,1828.75,1828.86,1829.6,1829.65,1828.88,1828.89
2023-08-01 16:12:20,1828.68,1828.78,1829.75,1829.8,1829.06,1829.07
2023-08-01 16:12:31,1828.49,1828.64,1829.75,1829.8,1829.06,1829.07
2023-08-01 16:12:42,1828.54,1828.68,1829.75,1829.8,1829.06,1829.07
2023-08-01 16:12:53,1828.22,1828.32,1829.85,1829.9,1829.06,1829.07
2023-08-01 16:13:03,1828.36,1828.42,1829.85,1829.9,1828.68,1828.69
2023-08-01 16:13:14,1828.4,1828.49,1829.85,1829.9,1828.68,1828.69
2023-08-01 16:13:24,1828.27,1828.39,1829.85,1829.9,1828.68,1828.69
2023-08-01 16:13:36,1828.15,1828.3,1829.85,1829.9,1828.67,1828.68
2023-08-01 16:13:47,1828.11,1828.21,1829.7,1829.75,1828.67,1828.68
2023-08-01 16:13:58,1827.74,1827.85,1829.0,1829.05,1828.06,1828.07
2023-08-01 16:14:09,1827.54,1827.66,1828.8,1828.85,1827.94,1827.95
2023-08-01 16:14:20,1827.4,1827.55,1828.8,1828.85,1827.88,1827.89
2023-08-01 16:14:31,1827.16,1827.26,1828.4,1828.45,1827.5,1827.51
2023-08-01 16:14:42,1827.04,1827.17,1828.4,1828.45,1827.42,1827.43
2023-08-01 16:14:54,1827.01,1827.12,1828.2,1828.25,1827.42,1827.43
2023-08-01 16:15:05,1826.8,1826.93,1828.1,1828.15,1827.0,1827.01
2023-08-01 16:15:16,1827.01,1827.11,1828.35,1828.4,1827.18,1827.19
2023-08-01 16:15:27,1826.82,1826.89,1828.35,1828.4,1827.0,1827.01
2023-08-01 16:15:39,1826.83,1826.92,1828.35,1828.4,1827.0,1827.01
2023-08-01 16:15:50,1826.81,1826.91,1828.35,1828.4,1827.0,1827.01
2023-08-01 16:16:01,1827.2,1827.26,1828.45,1828.5,1827.41,1827.42
2023-08-01 16:16:12,1826.61,1826.78,1828.15,1828.2,1827.21,1827.23
2023-08-01 16:16:24,1826.75,1826.9,1828.35,1828.4,1827.03,1827.04
2023-08-01 16:16:34,1826.44,1826.57,1828.1,1828.15,1826.95,1826.96
2023-08-01 16:16:45,1826.06,1826.16,1827.6,1827.65,1826.3,1826.31
2023-08-01 16:16:56,1825.73,1825.85,1827.15,1827.2,1825.87,1825.88
2023-08-01 16:17:07,1825.88,1826.01,1827.35,1827.4,1826.03,1826.04
2023-08-01 16:17:18,1825.74,1825.89,1827.4,1827.45,1826.03,1826.04
2023-08-01 16:17:29,1825.88,1826.0,1827.15,1827.2,1826.03,1826.04
2023-08-01 16:17:41,1825.9,1826.04,1827.15,1827.2,1826.03,1826.04
2023-08-01 16:17:51,1826.26,1826.35,1827.4,1827.45,1826.28,1826.29
2023-08-01 16:18:02,1826.01,1826.16,1827.4,1827.45,1826.41,1826.43
2023-08-01 16:18:13,1826.11,1826.19,1827.9,1827.95,1826.16,1826.17
2023-08-01 16:18:23,1826.34,1826.45,1827.95,1828.0,1826.35,1826.37
2023-08-01 16:18:35,1826.33,1826.44,1828.15,1828.2,1826.54,1826.55
2023-08-01 16:18:45,1825.87,1825.96,1827.6,1827.65,1826.13,1826.14
2023-08-01 16:18:56,1825.89,1826.0,1827.7,1827.75,1826.13,1826.14
2023-08-01 16:19:07,1826.0,1826.09,1827.4,1827.45,1826.08,1826.09
2023-08-01 16:19:18,1826.86,1827.03,1828.25,1828.3,1826.95,1826.96
2023-08-01 16:19:29,1826.64,1826.79,1828.05,1828.1,1826.73,1826.74
2023-08-01 16:19:39,1826.76,1826.84,1828.0,1828.05,1826.73,1826.74
2023-08-01 16:19:50,1827.02,1827.14,1828.6,1828.65,1827.22,1827.23
2023-08-01 16:20:00,1827.06,1827.17,1828.5,1828.55,1827.21,1827.22
2023-08-01 16:20:11,1827.3,1827.44,1828.5,1828.55,1827.35,1827.37
2023-08-01 16:20:22,1827.44,1827.55,1828.65,1828.7,1827.4,1827.41
2023-08-01 16:20:33,1827.36,1827.42,1828.65,1828.7,1827.49,1827.5
2023-08-01 16:20:43,1827.69,1827.74,1829.2,1829.25,1827.49,1827.5
2023-08-01 16:20:55,1827.87,1827.96,1829.3,1829.35,1828.03,1828.04
2023-08-01 16:21:06,1828.05,1828.16,1829.4,1829.45,1828.03,1828.05
2023-08-01 16:21:17,1828.16,1828.3,1829.55,1829.6,1828.08,1828.09
2023-08-01 16:21:28,1828.4,1828.55,1829.7,1829.75,1828.24,1828.25
2023-08-01 16:21:39,1828.69,1828.81,1829.85,1829.9,1828.68,1828.69
2023-08-01 16:21:49,1828.69,1828.85,1830.35,1830.4,1828.8,1828.81
2023-08-01 16:22:00,1828.89,1828.98,1830.45,1830.5,1828.9,1828.91
2023-08-01 16:22:10,1829.09,1829.24,1830.45,1830.5,1828.99,1829.0
2023-08-01 16:22:21,1829.06,1829.16,1830.4,1830.45,1828.99,1829.0
2023-08-01 16:22:32,1828.65,1828.75,1830.4,1830.45,1828.93,1828.94
2023-08-01 16:22:43,1828.66,1828.78,1830.4,1830.45,1828.93,1829.0
2023-08-01 16:22:54,1828.58,1828.7,1830.05,1830.1,1828.93,1828.94
2023-08-01 16:23:05,1828.57,1828.69,1830.05,1830.1,1828.93,1828.94
2023-08-01 16:23:16,1828.41,1828.5,1829.8,1829.85,1828.61,1828.62
2023-08-01 16:23:26,1828.08,1828.23,1829.85,1829.9,1828.61,1828.62
2023-08-01 16:23:37,1827.86,1827.99,1829.55,1829.6,1827.92,1827.93
2023-08-01 16:23:48,1827.84,1827.99,1829.3,1829.35,1827.92,1827.93
2023-08-01 16:23:58,1828.34,1828.46,1829.65,1829.7,1828.33,1828.34
2023-08-01 16:24:10,1828.29,1828.4,1829.65,1829.7,1828.5,1828.51
2023-08-01 16:24:20,1828.48,1828.58,1829.85,1829.9,1828.78,1828.79
2023-08-01 16:24:32,1828.58,1828.75,1829.85,1829.9,1828.78,1828.79
2023-08-01 16:24:42,1828.17,1828.3,1829.85,1829.9,1828.57,1828.58
2023-08-01 16:24:53,1828.21,1828.33,1829.85,1829.9,1828.48,1828.49
2023-08-01 16:25:04,1828.04,1828.15,1829.85,1829.9,1828.48,1828.49
2023-08-01 16:25:15,1828.17,1828.3,1829.65,1829.7,1828.34,1828.35
2023-08-01 16:25:26,1828.03,1828.1,1829.65,1829.7,1828.16,1828.17
2023-08-01 16:25:37,1827.64,1827.74,1829.15,1829.2,1827.77,1827.78
2023-08-01 16:25:48,1827.37,1827.46,1828.9,1828.95,1827.67,1827.68
2023-08-01 16:25:59,1827.75,1827.84,1829.1,1829.15,1827.74,1827.75
2023-08-01 16:26:10,1827.78,1827.88,1829.1,1829.15,1827.68,1827.7
2023-08-01 16:26:20,1827.24,1827.39,1829.1,1829.15,1827.5,1827.51
2023-08-01 16:26:31,1827.25,1827.35,1829.15,1829.2,1827.5,1827.51
2023-08-01 16:26:42,1827.45,1827.54,1829.1,1829.15,1827.47,1827.48
2023-08-01 16:26:52,1827.6,1827.61,1829.5,1829.55,1827.64,1827.65
2023-08-01 16:27:03,1827.24,1827.36,1829.25,1829.3,1827.67,1827.68
2023-08-01 16:27:13,1827.09,1827.25,1829.05,1829.1,1827.66,1827.67
2023-08-01 16:27:24,1827.15,1827.2,1828.8,1828.85,1827.59,1827.6
2023-08-01 16:27:35,1826.84,1826.95,1828.8,1828.85,1827.45,1827.46
2023-08-01 16:27:45,1826.62,1826.78,1828.4,1828.45,1827.39,1827.4
2023-08-01 16:27:57,1826.64,1826.77,1828.4,1828.45,1827.23,1827.24
2023-08-01 16:28:08,1826.69,1826.82,1828.4,1828.45,1827.23,1827.24
2023-08-01 16:28:19,1826.81,1826.9,1828.4,1828.45,1827.23,1827.24
2023-08-01 16:28:30,1826.69,1826.89,1828.05,1828.1,1827.0,1827.01
2023-08-01 16:28:42,1826.49,1826.55,1828.05,1828.1,1827.0,1827.01
2023-08-01 16:28:53,1826.06,1826.21,1827.75,1827.8,1826.85,1826.86
2023-08-01 16:29:04,1825.99,1826.15,1827.5,1827.55,1826.62,1826.63
2023-08-01 16:29:15,1826.14,1826.24,1827.5,1827.55,1826.32,1826.33
2023-08-01 16:29:26,1826.44,1826.59,1827.75,1827.8,1826.62,1826.63
2023-08-01 16:29:37,1826.17,1826.26,1827.75,1827.8,1826.61,1826.62
2023-08-01 16:29:49,1826.15,1826.19,1827.55,1827.6,1826.61,1826.62
2023-08-01 16:30:01,1826.31,1826.42,1827.6,1827.65,1826.61,1826.63
2023-08-01 16:30:12,1825.62,1825.73,1827.55,1827.6,1826.28,1826.29
2023-08-01 16:30:23,1823.11,1823.37,1824.35,1824.4,1823.17,1823.39
2023-08-01 16:30:34,1814.31,1814.4,1815.55,1815.7,1815.02,1815.1
2023-08-01 16:30:45,1815.75,1816.1,1817.8,1817.85,1815.24,1815.25
2023-08-01 16:30:56,1817.23,1817.39,1818.65,1818.7,1817.33,1817.35
2023-08-01 16:31:07,1819.64,1819.97,1821.05,1821.1,1819.66,1819.67
2023-08-01 16:31:18,1822.08,1822.31,1823.55,1823.6,1821.93,1821.94
2023-08-01 16:31:28,1823.24,1823.57,1824.5,1824.55,1823.2,1823.21
2023-08-01 16:31:39,1821.52,1821.68,1822.95,1823.0,1822.15,1822.16
2023-08-01 16:31:51,1823.35,1823.44,1824.55,1824.6,1823.39,1823.4
2023-08-01 16:32:01,1822.27,1822.6,1823.4,1823.45,1822.33,1822.34
2023-08-01 16:32:13,1824.51,1824.66,1825.9,1825.95,1824.73,1824.74
2023-08-01 16:32:23,1826.07,1826.37,1827.7,1827.8,1826.17,1826.19
2023-08-01 16:32:34,1825.83,1826.31,1827.45,1827.5,1826.34,1826.35
2023-08-01 16:32:45,1824.96,1825.13,1826.6,1826.65,1825.59,1825.6
2023-08-01 16:32:56,1824.67,1824.87,1826.4,1826.45,1825.24,1825.25
2023-08-01 16:33:08,1824.24,1824.79,1826.0,1826.05,1825.0,1825.01
2023-08-01 16:33:18,1826.2,1826.35,1827.9,1827.95,1826.79,1826.81
2023-08-01 16:33:29,1827.37,1827.6,1829.0,1829.05,1827.9,1827.92
2023-08-01 16:33:40,1828.22,1828.69,1829.95,1830.0,1828.66,1828.67
2023-08-01 16:33:52,1827.42,1827.6,1829.4,1829.45,1827.92,1828.0
2023-08-01 16:34:03,1827.28,1827.46,1828.8,1828.85,1827.7,1827.71
2023-08-01 16:34:13,1827.78,1827.91,1829.45,1829.5,1828.43,1828.44
2023-08-01 16:34:24,1827.14,1827.28,1828.85,1828.9,1827.81,1827.82
2023-08-01 16:34:35,1828.47,1828.6,1829.75,1829.8,1828.49,1828.5
2023-08-01 16:34:46,1828.45,1828.68,1829.95,1830.0,1828.94,1828.95
2023-08-01 16:34:57,1829.66,1829.84,1830.85,1830.9,1829.84,1829.86
2023-08-01 16:35:08,1829.74,1829.88,1831.25,1831.3,1830.16,1830.18
2023-08-01 16:35:20,1830.15,1830.24,1831.45,1831.5,1830.35,1830.37
2023-08-01 16:35:30,1829.24,1829.39,1830.4,1830.45,1829.19,1829.2
2023-08-01 16:35:42,1828.85,1829.11,1830.05,1830.1,1828.57,1828.58
2023-08-01 16:35:52,1830.37,1830.5,1831.4,1831.45,1829.99,1830.0
2023-08-01 16:36:03,1829.94,1830.11,1831.3,1831.35,1830.18,1830.19
2023-08-01 16:36:14,1829.58,1829.75,1830.8,1830.85,1829.46,1829.47
2023-08-01 16:36:25,1829.25,1829.38,1831.15,1831.2,1829.52,1829.53
2023-08-01 16:36:35,1829.68,1829.79,1830.9,1830.95,1829.33,1829.35
2023-08-01 16:36:46,1829.36,1829.51,1830.9,1830.95,1829.35,1829.36
2023-08-01 16:36:57,1830.01,1830.17,1831.4,1831.45,1829.89,1829.9
2023-08-01 16:37:07,1830.56,1830.74,1831.75,1831.8,1830.44,1830.45
2023-08-01 16:37:18,1832.25,1832.59,1834.05,1834.1,1832.49,1832.5
2023-08-01 16:37:29,1830.4,1830.59,1832.15,1832.2,1830.75,1830.77
2023-08-01 16:37:40,1829.82,1829.91,1831.05,1831.1,1830.4,1830.41
2023-08-01 16:37:51,1830.0,1830.17,1831.1,1831.15,1830.04,1830.05
2023-08-01 16:38:01,1828.93,1829.09,1830.1,1830.15,1829.51,1829.52
2023-08-01 16:38:12,1829.04,1829.13,1830.2,1830.25,1829.18,1829.19
2023-08-01 16:38:22,1828.72,1828.88,1830.3,1830.35,1829.06,1829.07
2023-08-01 16:38:33,1828.58,1828.72,1830.2,1830.25,1828.73,1828.74
2023-08-01 16:38:44,1828.53,1828.67,1829.3,1829.35,1828.41,1828.43
2023-08-01 16:38:54,1828.37,1828.49,1829.6,1829.65,1828.5,1828.51
2023-08-01 16:39:06,1828.75,1828.81,1829.65,1829.7,1828.62,1828.63
2023-08-01 16:39:17,1828.78,1828.82,1829.5,1829.55,1828.62,1828.63
2023-08-01 16:39:28,1828.2,1828.25,1829.3,1829.35,1828.2,1828.21
2023-08-01 16:39:38,1828.42,1828.74,1829.8,1829.85,1828.83,1828.84
2023-08-01 16:39:49,1829.01,1829.14,1829.85,1829.9,1828.8,1828.82
2023-08-01 16:39:59,1828.78,1828.91,1829.85,1829.9,1828.81,1828.82
2023-08-01 16:40:10,1829.2,1829.31,1830.25,1830.3,1829.01,1829.02
2023-08-01 16:40:21,1830.35,1830.49,1831.4,1831.45,1830.35,1830.36
2023-08-01 16:40:32,1829.66,1829.81,1831.0,1831.05,1829.84,1829.85
2023-08-01 16:40:42,1829.49,1829.65,1830.7,1830.75,1829.8,1829.81
2023-08-01 16:40:53,1830.2,1830.32,1831.5,1831.55,1830.28,1830.29
2023-08-01 16:41:03,1830.2,1830.37,1831.2,1831.25,1830.0,1830.01
2023-08-01 16:41:14,1831.25,1831.45,1832.45,1832.5,1831.45,1831.46
2023-08-01 16:41:25,1831.29,1831.41,1832.7,1832.75,1831.68,1831.69
2023-08-01 16:41:35,1831.02,1831.17,1832.25,1832.3,1831.11,1831.12
2023-08-01 16:41:46,1831.51,1831.59,1832.85,1832.9,1831.61,1831.63
2023-08-01 16:41:57,1831.13,1831.34,1832.5,1832.55,1831.45,1831.46
2023-08-01 16:42:08,1830.93,1831.15,1832.5,1832.55,1831.19,1831.2
2023-08-01 16:42:18,1829.84,1829.99,1831.6,1831.65,1830.59,1830.6
2023-08-01 16:42:29,1829.67,1829.79,1831.25,1831.3,1830.0,1830.01
2023-08-01 16:42:40,1829.92,1830.02,1831.35,1831.4,1830.1,1830.12
2023-08-01 16:42:50,1829.95,1830.08,1831.45,1831.5,1830.2,1830.21
2023-08-01 16:43:01,1829.14,1829.25,1830.75,1830.8,1829.64,1829.65
2023-08-01 16:43:12,1829.41,1829.53,1830.95,1831.0,1829.77,1829.78
2023-08-01 16:43:23,1829.93,1830.09,1831.45,1831.5,1830.16,1830.17
2023-08-01 16:43:34,1829.51,1829.66,1831.0,1831.05,1829.89,1829.9
2023-08-01 16:43:44,1829.67,1829.85,1831.15,1831.2,1830.11,1830.12
2023-08-01 16:43:55,1830.18,1830.39,1831.5,1831.55,1830.35,1830.36
2023-08-01 16:44:06,1830.42,1830.6,1832.1,1832.15,1830.94,1830.95
2023-08-01 16:44:16,1830.61,1830.73,1832.3,1832.35,1830.91,1830.92
2023-08-01 16:44:27,1830.6,1830.8,1832.3,1832.35,1830.86,1830.87
2023-08-01 16:44:37,1830.37,1830.55,1832.3,1832.35,1830.95,1830.96
2023-08-01 16:44:48,1831.31,1831.47,1832.3,1832.35,1830.86,1830.87
2023-08-01 16:44:58,1831.81,1831.95,1833.15,1833.2,1831.9,1831.91
2023-08-01 16:45:09,1832.46,1832.73,1833.7,1833.75,1832.36,1832.37
2023-08-01 16:45:20,1832.31,1832.44,1833.95,1834.0,1832.61,1832.63
2023-08-01 16:45:30,1831.84,1831.99,1833.4,1833.45,1832.19,1832.2
2023-08-01 16:45:41,1832.86,1833.13,1834.35,1834.4,1833.19,1833.2
2023-08-01 16:45:51,1831.75,1831.9,1833.65,1833.7,1832.4,1832.41
2023-08-01 16:46:02,1832.16,1832.3,1833.55,1833.6,1832.69,1832.7
2023-08-01 16:46:13,1831.77,1831.92,1833.5,1833.55,1832.1,1832.11
2023-08-01 16:46:24,1831.06,1831.29,1832.7,1832.75,1831.46,1831.47
2023-08-01 16:46:35,1830.72,1830.88,1832.35,1832.4,1830.92,1830.93
2023-08-01 16:46:45,1830.65,1830.82,1832.35,1832.4,1830.87,1830.88
2023-08-01 16:46:56,1830.92,1831.09,1832.35,1832.4,1830.85,1830.86
2023-08-01 16:47:07,1830.25,1830.43,1832.15,1832.2,1830.86,1830.87
2023-08-01 16:47:18,1830.53,1830.68,1832.0,1832.05,1830.8,1830.81
2023-08-01 16:47:29,1830.01,1830.27,1831.8,1831.85,1830.33,1830.34
2023-08-01 16:47:39,1830.03,1830.17,1831.8,1831.85,1830.33,1830.34
2023-08-01 16:47:50,1830.02,1830.14,1831.5,1831.55,1830.33,1830.34
2023-08-01 16:48:01,1829.76,1829.88,1831.3,1831.35,1830.33,1830.34
2023-08-01 16:48:11,1830.11,1830.25,1831.25,1831.3,1830.34,1830.35
2023-08-01 16:48:22,1830.75,1830.88,1832.0,1832.05,1831.03,1831.04
2023-08-01 16:48:33,1831.31,1831.42,1832.35,1832.4,1831.24,1831.25
2023-08-01 16:48:45,1831.8,1831.98,1833.5,1833.55,1832.12,1832.13
2023-08-01 16:48:55,1831.41,1831.74,1833.15,1833.2,1832.02,1832.03
2023-08-01 16:49:07,1831.54,1831.61,1833.15,1833.2,1831.8,1831.82
2023-08-01 16:49:18,1831.63,1831.93,1833.1,1833.15,1831.91,1831.93
2023-08-01 16:49:28,1831.57,1831.76,1833.1,1833.15,1831.84,1831.85
2023-08-01 16:49:39,1831.9,1832.05,1833.15,1833.2,1832.31,1832.32
2023-08-01 16:49:50,1831.91,1832.04,1833.15,1833.2,1832.11,1832.12
2023-08-01 16:50:01,1830.55,1830.68,1832.0,1832.05,1831.0,1831.01
2023-08-01 16:50:12,1830.5,1830.69,1831.9,1831.95,1830.82,1830.83
2023-08-01 16:50:23,1829.72,1829.89,1830.75,1830.8,1829.8,1829.82
2023-08-01 16:50:34,1829.47,1829.55,1830.75,1830.8,1829.65,1829.66
2023-08-01 16:50:44,1829.3,1829.39,1830.75,1830.8,1829.61,1829.62
2023-08-01 16:50:55,1829.27,1829.37,1830.75,1830.8,1829.64,1829.65
2023-08-01 16:51:06,1829.49,1829.59,1830.75,1830.8,1829.64,1829.65
2023-08-01 16:51:17,1829.57,1829.66,1830.75,1830.8,1829.64,1829.65
2023-08-01 16:51:29,1829.96,1830.1,1830.95,1831.0,1830.04,1830.06
2023-08-01 16:51:39,1829.86,1829.99,1831.2,1831.25,1830.05,1830.06
2023-08-01 16:51:50,1830.2,1830.28,1831.35,1831.4,1830.28,1830.29
2023-08-01 16:52:00,1831.15,1831.2,1832.2,1832.25,1831.15,1831.16
2023-08-01 16:52:12,1831.27,1831.4,1832.45,1832.5,1831.34,1831.35
2023-08-01 16:52:22,1830.53,1830.71,1831.7,1831.75,1830.81,1830.83
2023-08-01 16:52:33,1829.7,1829.8,1831.5,1831.55,1830.18,1830.19
2023-08-01 16:52:43,1829.61,1829.79,1831.25,1831.3,1830.0,1830.01
2023-08-01 16:52:54,1829.61,1829.7,1831.2,1831.25,1830.03,1830.04
2023-08-01 16:53:06,1829.69,1829.89,1831.2,1831.25,1830.03,1830.04
2023-08-01 16:53:16,1830.41,1830.52,1831.95,1832.0,1830.68,1830.69
2023-08-01 16:53:27,1830.8,1830.94,1832.15,1832.2,1830.76,1830.77
2023-08-01 16:53:38,1830.96,1831.09,1832.6,1832.65,1831.19,1831.21
2023-08-01 16:53:49,1830.99,1831.1,1832.6,1832.65,1831.19,1831.2
2023-08-01 16:53:59,1830.66,1830.78,1832.6,1832.65,1831.2,1831.21
2023-08-01 16:54:11,1830.12,1830.28,1831.65,1831.7,1830.44,1830.45
2023-08-01 16:54:22,1830.39,1830.56,1831.65,1831.7,1830.57,1830.58
2023-08-01 16:54:32,1831.1,1831.22,1832.6,1832.65,1831.34,1831.35
2023-08-01 16:54:43,1830.97,1831.11,1832.35,1832.4,1831.19,1831.2
2023-08-01 16:54:55,1831.5,1831.7,1832.9,1832.95,1831.74,1831.75
2023-08-01 16:55:06,1831.09,1831.23,1832.7,1832.75,1831.56,1831.58
2023-08-01 16:55:17,1831.25,1831.42,1832.7,1832.75,1831.66,1831.67
2023-08-01 16:55:28,1832.3,1832.5,1833.7,1833.75,1832.71,1832.72
2023-08-01 16:55:40,1834.0,1834.1,1835.5,1835.55,1834.43,1834.45
2023-08-01 16:55:51,1833.74,1833.84,1835.6,1835.65,1834.43,1834.44
2023-08-01 16:56:02,1834.53,1834.66,1835.85,1835.9,1835.06,1835.07
2023-08-01 16:56:13,1834.63,1834.75,1836.15,1836.2,1835.3,1835.31
2023-08-01 16:56:24,1833.3,1833.43,1835.2,1835.25,1834.26,1834.28
2023-08-01 16:56:35,1834.59,1834.77,1836.1,1836.15,1835.24,1835.25
2023-08-01 16:56:46,1834.1,1834.39,1835.7,1835.75,1834.44,1834.45
2023-08-01 16:56:56,1833.07,1833.15,1834.75,1834.8,1833.86,1833.87
2023-08-01 16:57:07,1832.71,1832.91,1834.75,1834.8,1833.44,1833.45
2023-08-01 16:57:17,1832.04,1832.18,1833.75,1833.8,1832.77,1832.78
2023-08-01 16:57:29,1831.83,1832.0,1833.35,1833.4,1832.07,1832.08
2023-08-01 16:57:39,1831.76,1831.91,1833.35,1833.4,1831.74,1831.76
2023-08-01 16:57:50,1832.24,1832.38,1833.6,1833.65,1832.44,1832.45
2023-08-01 16:58:00,1832.33,1832.48,1833.6,1833.65,1832.35,1832.36
2023-08-01 16:58:11,1833.03,1833.17,1834.05,1834.1,1832.99,1833.0
2023-08-01 16:58:22,1833.03,1833.16,1834.05,1834.1,1833.17,1833.18
2023-08-01 16:58:34,1832.56,1832.69,1834.05,1834.1,1832.88,1832.89
2023-08-01 16:58:44,1832.48,1832.59,1834.05,1834.1,1832.83,1832.84
2023-08-01 16:58:56,1832.45,1832.57,1834.05,1834.1,1832.83,1832.84
2023-08-01 16:59:06,1832.5,1832.63,1834.3,1834.35,1832.79,1832.81
2023-08-01 16:59:17,1832.49,1832.59,1834.5,1834.55,1832.79,1832.8
2023-08-01 16:59:28,1832.55,1832.67,1834.2,1834.25,1832.79,1832.81
2023-08-01 16:59:39,1832.3,1832.49,1834.2,1834.25,1832.75,1832.76
2023-08-01 16:59:49,1832.73,1832.87,1834.2,1834.25,1833.0,1833.01
2023-08-01 17:00:00,1833.38,1833.46,1834.7,1834.75,1833.68,1833.69
2023-08-01 17:00:10,1833.65,1833.82,1834.85,1834.9,1833.99,1834.0
2023-08-01 17:00:22,1833.34,1833.6,1835.0,1835.05,1833.94,1833.95
2023-08-01 17:00:33,1832.81,1833.0,1834.5,1834.55,1833.4,1833.41
2023-08-01 17:00:44,1833.03,1833.17,1834.7,1834.75,1833.41,1833.42
2023-08-01 17:00:56,1832.93,1832.97,1834.7,1834.75,1833.4,1833.41
2023-08-01 17:01:06,1833.01,1833.16,1834.7,1834.75,1833.48,1833.49
2023-08-01 17:01:17,1833.53,1833.64,1834.7,1834.75,1833.83,1833.84
2023-08-01 17:01:29,1833.08,1833.3,1834.8,1834.85,1833.54,1833.56
2023-08-01 17:01:40,1833.01,1833.18,1834.6,1834.65,1833.37,1833.38
2023-08-01 17:01:52,1833.26,1833.38,1834.65,1834.7,1833.56,1833.57
2023-08-01 17:02:03,1833.27,1833.4,1834.8,1834.85,1833.76,1833.77
2023-08-01 17:02:14,1833.4,1833.52,1835.0,1835.05,1833.94,1833.95
2023-08-01 17:02:24,1833.31,1833.49,1834.85,1834.9,1833.89,1833.9
2023-08-01 17:02:35,1833.53,1833.7,1835.05,1835.1,1833.93,1833.94
2023-08-01 17:02:46,1833.66,1833.82,1835.05,1835.1,1834.01,1834.03
2023-08-01 17:02:57,1834.3,1834.44,1835.65,1835.7,1834.49,1834.5
2023-08-01 17:03:08,1834.33,1834.52,1835.6,1835.65,1834.74,1834.75
2023-08-01 17:03:19,1833.83,1833.99,1835.35,1835.4,1834.39,1834.4
2023-08-01 17:03:30,1833.71,1833.92,1835.2,1835.25,1834.39,1834.4
2023-08-01 17:03:41,1833.61,1833.73,1834.85,1834.9,1833.99,1834.0
2023-08-01 17:03:51,1833.23,1833.49,1834.85,1834.9,1833.84,1833.85
2023-08-01 17:04:02,1833.81,1833.92,1834.85,1834.9,1834.06,1834.07
2023-08-01 17:04:13,1834.48,1834.59,1835.8,1835.85,1834.85,1834.86
2023-08-01 17:04:24,1834.54,1834.75,1836.25,1836.3,1834.95,1834.97
2023-08-01 17:04:35,1835.6,1836.06,1836.9,1836.95,1835.99,1836.0
2023-08-01 17:04:46,1836.05,1836.22,1837.95,1838.0,1836.71,1836.73
2023-08-01 17:04:57,1836.0,1836.08,1837.7,1837.75,1836.56,1836.57
2023-08-01 17:05:09,1835.92,1836.05,1837.45,1837.5,1836.43,1836.44
2023-08-01 17:05:20,1836.96,1837.15,1838.1,1838.15,1837.38,1837.39
2023-08-01 17:05:30,1837.72,1837.79,1839.15,1839.2,1838.31,1838.33
2023-08-01 17:05:41,1837.93,1838.02,1839.65,1839.7,1838.33,1838.34
2023-08-01 17:05:52,1838.17,1838.32,1839.85,1839.9,1838.8,1838.81
2023-08-01 17:06:02,1838.02,1838.16,1839.65,1839.7,1838.25,1838.27
2023-08-01 17:06:13,1838.49,1838.59,1839.85,1839.9,1838.86,1838.87
2023-08-01 17:06:23,1837.77,1837.92,1839.8,1839.85,1838.65,1838.66
2023-08-01 17:06:34,1838.67,1838.7,1840.0,1840.05,1838.98,1839.01
2023-08-01 17:06:45,1839.51,1839.66,1840.3,1840.35,1839.43,1839.45
2023-08-01 17:06:55,1838.95,1839.09,1840.15,1840.2,1839.51,1839.52
2023-08-01 17:07:07,1838.2,1838.33,1839.1,1839.15,1838.49,1838.5
2023-08-01 17:07:18,1838.11,1838.19,1839.35,1839.4,1838.66,1838.67
2023-08-01 17:07:29,1839.88,1839.99,1840.95,1841.0,1840.49,1840.51
2023-08-01 17:07:40,1840.67,1840.77,1841.65,1841.7,1841.07,1841.09
2023-08-01 17:07:51,1840.04,1840.19,1841.3,1841.35,1840.44,1840.45
2023-08-01 17:08:01,1838.58,1838.69,1840.1,1840.15,1838.86,1838.87
2023-08-01 17:08:12,1838.6,1838.76,1840.05,1840.1,1838.96,1838.97
2023-08-01 17:08:22,1837.89,1838.06,1839.45,1839.5,1838.46,1838.47
2023-08-01 17:08:33,1838.04,1838.17,1839.4,1839.45,1838.42,1838.43
2023-08-01 17:08:44,1838.2,1838.32,1839.55,1839.6,1838.44,1838.45
2023-08-01 17:08:54,1838.16,1838.28,1839.8,1839.85,1838.56,1838.57
2023-08-01 17:09:06,1837.69,1837.76,1839.05,1839.1,1838.11,1838.12
2023-08-01 17:09:17,1838.47,1838.6,1839.75,1839.8,1838.49,1838.5
2023-08-01 17:09:27,1838.16,1838.29,1839.65,1839.7,1838.52,1838.53
2023-08-01 17:09:39,1838.28,1838.38,1839.65,1839.7,1838.51,1838.52
2023-08-01 17:09:49,1838.44,1838.6,1840.0,1840.05,1839.08,1839.09
2023-08-01 17:10:01,1838.96,1839.08,1840.3,1840.35,1839.12,1839.13
2023-08-01 17:10:12,1839.33,1839.48,1840.75,1840.8,1839.83,1839.84
2023-08-01 17:10:24,1838.16,1838.33,1839.6,1839.65,1838.44,1838.45
2023-08-01 17:10:35,1837.49,1837.68,1838.75,1838.8,1837.81,1837.82
2023-08-01 17:10:46,1837.79,1837.95,1839.2,1839.25,1838.29,1838.3
2023-08-01 17:10:58,1838.53,1838.65,1839.65,1839.7,1838.9,1838.91
2023-08-01 17:11:09,1837.68,1837.8,1838.8,1838.85,1838.11,1838.12
2023-08-01 17:11:20,1837.24,1837.37,1838.7,1838.75,1837.59,1837.6
2023-08-01 17:11:31,1837.27,1837.38,1838.7,1838.75,1837.5,1837.51
2023-08-01 17:11:42,1837.07,1837.19,1838.65,1838.7,1837.36,1837.37
2023-08-01 17:11:53,1837.15,1837.3,1838.65,1838.7,1837.29,1837.3
2023-08-01 17:12:04,1836.86,1836.98,1838.1,1838.15,1837.27,1837.28
2023-08-01 17:12:14,1837.03,1837.13,1838.35,1838.4,1837.1,1837.12
2023-08-01 17:12:25,1836.46,1836.58,1837.6,1837.65,1836.94,1836.95
2023-08-01 17:12:36,1836.49,1836.6,1837.4,1837.45,1836.63,1836.64
2023-08-01 17:12:46,1836.27,1836.43,1837.05,1837.1,1836.62,1836.63
2023-08-01 17:12:57,1836.07,1836.18,1837.2,1837.25,1836.61,1836.62
2023-08-01 17:13:08,1836.4,1836.53,1836.95,1837.0,1836.45,1836.46
2023-08-01 17:13:19,1835.61,1835.78,1836.55,1836.6,1835.87,1835.89
2023-08-01 17:13:30,1835.93,1836.0,1837.2,1837.25,1836.04,1836.05
2023-08-01 17:13:41,1836.58,1836.72,1837.75,1837.8,1836.83,1836.84
2023-08-01 17:13:52,1836.47,1836.58,1837.55,1837.6,1836.76,1836.77
2023-08-01 17:14:03,1836.55,1836.72,1837.55,1837.6,1836.49,1836.5
2023-08-01 17:14:14,1836.34,1836.48,1837.35,1837.4,1836.71,1836.72
2023-08-01 17:14:25,1836.53,1836.64,1837.35,1837.4,1836.71,1836.72
2023-08-01 17:14:36,1836.47,1836.6,1837.35,1837.4,1836.71,1836.72
2023-08-01 17:14:46,1837.04,1837.2,1837.85,1837.9,1836.99,1837.0
2023-08-01 17:14:57,1837.36,1837.51,1838.1,1838.15,1837.59,1837.6
2023-08-01 17:15:08,1837.33,1837.45,1838.25,1838.3,1837.56,1837.57
2023-08-01 17:15:18,1836.46,1836.58,1837.45,1837.5,1836.9,1836.91
2023-08-01 17:15:29,1835.9,1836.05,1837.0,1837.05,1836.63,1836.64
2023-08-01 17:15:40,1836.65,1836.71,1837.1,1837.15,1836.88,1836.89
2023-08-01 17:15:51,1836.37,1836.5,1837.1,1837.15,1836.74,1836.75
2023-08-01 17:16:01,1835.64,1835.78,1836.55,1836.6,1836.12,1836.13
2023-08-01 17:16:12,1836.29,1836.45,1836.85,1836.9,1836.52,1836.53
2023-08-01 17:16:22,1836.57,1836.66,1837.45,1837.5,1837.06,1837.07
2023-08-01 17:16:33,1835.72,1835.84,1836.35,1836.4,1836.2,1836.21
2023-08-01 17:16:44,1834.94,1835.11,1836.1,1836.15,1835.82,1835.83
2023-08-01 17:16:54,1834.97,1835.1,1835.75,1835.8,1835.82,1835.83
2023-08-01 17:17:05,1834.71,1834.84,1835.35,1835.4,1835.5,1835.51
2023-08-01 17:17:15,1834.6,1834.75,1835.35,1835.4,1835.5,1835.51
2023-08-01 17:17:26,1834.68,1834.78,1835.0,1835.05,1834.85,1834.86
2023-08-01 17:17:37,1834.53,1834.67,1834.9,1834.95,1834.75,1834.77
2023-08-01 17:17:47,1834.1,1834.19,1834.55,1834.6,1834.47,1834.48
2023-08-01 17:17:58,1834.56,1834.59,1835.0,1835.05,1834.71,1834.72
2023-08-01 17:18:09,1834.38,1834.47,1835.0,1835.05,1834.62,1834.63
2023-08-01 17:18:20,1833.96,1834.07,1834.8,1834.85,1834.26,1834.27
2023-08-01 17:18:31,1833.69,1833.83,1834.8,1834.85,1833.91,1833.93
2023-08-01 17:18:42,1834.04,1834.2,1834.8,1834.85,1834.13,1834.14
2023-08-01 17:18:53,1834.6,1834.72,1835.1,1835.15,1834.72,1834.73
2023-08-01 17:19:04,1834.07,1834.21,1834.65,1834.7,1834.42,1834.43
2023-08-01 17:19:15,1833.99,1834.08,1834.55,1834.6,1834.24,1834.25
2023-08-01 17:19:25,1833.61,1833.74,1834.5,1834.55,1833.88,1833.89
2023-08-01 17:19:36,1833.48,1833.65,1834.15,1834.2,1833.75,1833.76
2023-08-01 17:19:46,1833.73,1833.89,1834.55,1834.6,1833.87,1833.88
2023-08-01 17:19:57,1833.53,1833.59,1834.55,1834.6,1833.8,1833.81
2023-08-01 17:20:09,1833.44,1833.56,1834.55,1834.6,1833.7,1833.71
2023-08-01 17:20:20,1832.43,1832.56,1832.9,1832.95,1832.54,1832.56
2023-08-01 17:20:31,1832.74,1832.8,1833.75,1833.8,1832.58,1832.59
2023-08-01 17:20:43,1833.06,1833.16,1833.75,1833.8,1832.71,1832.72
2023-08-01 17:20:54,1833.16,1833.26,1833.5,1833.55,1832.86,1832.87
2023-08-01 17:21:05,1833.34,1833.4,1833.75,1833.8,1833.44,1833.45
2023-08-01 17:21:15,1833.01,1833.16,1833.35,1833.4,1833.08,1833.09
2023-08-01 17:21:28,1832.71,1832.84,1833.05,1833.1,1832.56,1832.57
2023-08-01 17:21:39,1832.65,1832.66,1833.0,1833.05,1832.54,1832.55
2023-08-01 17:21:51,1833.13,1833.2,1833.55,1833.6,1832.99,1833.0
2023-08-01 17:22:02,1833.16,1833.23,1833.3,1833.35,1832.99,1833.0
2023-08-01 17:22:13,1832.89,1832.93,1833.1,1833.15,1832.99,1833.0
2023-08-01 17:22:23,1832.52,1832.63,1832.85,1832.9,1832.5,1832.51
2023-08-01 17:22:34,1832.41,1832.52,1832.85,1832.9,1832.49,1832.5
2023-08-01 17:22:44,1832.01,1832.15,1832.6,1832.65,1832.0,1832.01
2023-08-01 17:22:55,1831.92,1832.05,1832.35,1832.4,1831.8,1831.81
2023-08-01 17:23:06,1832.02,1832.16,1832.3,1832.35,1832.09,1832.1
2023-08-01 17:23:17,1831.61,1831.71,1832.2,1832.25,1831.41,1831.42
2023-08-01 17:23:28,1831.53,1831.68,1832.3,1832.35,1831.45,1831.46
2023-08-01 17:23:39,1831.94,1832.06,1833.1,1833.15,1831.92,1831.93
2023-08-01 17:23:49,1832.06,1832.16,1832.85,1832.9,1832.03,1832.04
2023-08-01 17:24:00,1831.9,1831.95,1832.85,1832.9,1831.77,1831.78
2023-08-01 17:24:11,1831.76,1831.87,1832.85,1832.9,1831.65,1831.66
2023-08-01 17:24:22,1832.36,1832.49,1832.85,1832.9,1832.13,1832.14
2023-08-01 17:24:33,1832.46,1832.54,1833.0,1833.05,1832.44,1832.45
2023-08-01 17:24:45,1832.2,1832.23,1832.85,1832.9,1832.24,1832.25
2023-08-01 17:24:55,1832.42,1832.49,1833.0,1833.05,1832.14,1832.15
2023-08-01 17:25:06,1832.57,1832.61,1833.0,1833.05,1832.44,1832.45
2023-08-01 17:25:17,1833.01,1833.12,1833.45,1833.5,1832.96,1832.97
2023-08-01 17:25:27,1832.41,1832.53,1833.45,1833.5,1832.64,1832.65
2023-08-01 17:25:38,1832.09,1832.2,1832.7,1832.75,1832.0,1832.01
2023-08-01 17:25:48,1831.6,1831.73,1832.6,1832.65,1831.72,1831.74
2023-08-01 17:25:59,1832.1,1832.21,1832.85,1832.9,1832.17,1832.18
2023-08-01 17:26:10,1831.86,1831.97,1832.75,1832.8,1831.84,1831.85
2023-08-01 17:26:21,1831.83,1831.85,1832.75,1832.8,1831.84,1831.85
2023-08-01 17:26:32,1831.6,1831.71,1832.75,1832.8,1831.93,1831.94
2023-08-01 17:26:42,1831.48,1831.56,1832.75,1832.8,1831.65,1831.66
2023-08-01 17:26:53,1831.51,1831.55,1832.6,1832.65,1831.54,1831.56
2023-08-01 17:27:04,1831.61,1831.72,1832.6,1832.65,1831.55,1831.56
2023-08-01 17:27:16,1831.67,1831.77,1832.6,1832.65,1831.73,1831.74
2023-08-01 17:27:26,1832.02,1832.1,1832.6,1832.65,1831.94,1831.95
2023-08-01 17:27:37,1831.61,1831.75,1832.6,1832.65,1831.87,1831.88
2023-08-01 17:27:49,1831.65,1831.79,1832.6,1832.65,1831.8,1831.81
2023-08-01 17:27:59,1831.02,1831.11,1832.0,1832.05,1830.94,1830.95
2023-08-01 17:28:10,1830.94,1831.0,1831.8,1831.85,1830.94,1830.95
2023-08-01 17:28:21,1831.5,1831.6,1832.05,1832.1,1831.21,1831.22
2023-08-01 17:28:32,1831.77,1831.83,1832.4,1832.45,1831.64,1831.65
2023-08-01 17:28:42,1831.68,1831.82,1832.3,1832.35,1831.63,1831.65
2023-08-01 17:28:54,1831.61,1831.71,1832.45,1832.5,1831.63,1831.64
2023-08-01 17:29:05,1831.11,1831.23,1831.9,1831.95,1831.1,1831.11
2023-08-01 17:29:16,1831.4,1831.51,1831.8,1831.85,1831.11,1831.12
2023-08-01 17:29:27,1831.94,1831.95,1832.3,1832.35,1831.8,1831.81
2023-08-01 17:29:38,1831.8,1831.89,1832.3,1832.35,1831.79,1831.8
2023-08-01 17:29:49,1831.6,1831.7,1832.15,1832.2,1831.68,1831.69
2023-08-01 17:29:59,1831.45,1831.5,1832.1,1832.15,1831.61,1831.62
2023-08-01 17:30:10,1831.9,1831.97,1832.9,1832.95,1832.12,1832.13
2023-08-01 17:30:21,1831.73,1831.9,1832.8,1832.85,1831.92,1831.93
2023-08-01 17:30:33,1831.25,1831.35,1832.25,1832.3,1831.58,1831.59
2023-08-01 17:30:43,1831.05,1831.16,1832.0,1832.05,1831.22,1831.23
2023-08-01 17:30:55,1831.41,1831.53,1831.85,1831.9,1831.31,1831.32
2023-08-01 17:31:05,1831.43,1831.46,1831.9,1831.95,1831.43,1831.44
2023-08-01 17:31:17,1831.28,1831.44,1831.85,1831.9,1831.3,1831.32
2023-08-01 17:31:27,1831.06,1831.19,1831.9,1831.95,1831.43,1831.44
2023-08-01 17:31:38,1831.63,1831.73,1832.35,1832.4,1831.53,1831.54
2023-08-01 17:31:48,1831.93,1832.04,1832.2,1832.25,1831.85,1831.86
2023-08-01 17:31:59,1832.35,1832.46,1832.65,1832.7,1832.22,1832.23
2023-08-01 17:32:10,1832.09,1832.2,1832.55,1832.6,1832.08,1832.09
2023-08-01 17:32:20,1831.97,1832.07,1832.55,1832.6,1832.0,1832.01
2023-08-01 17:32:32,1831.81,1831.9,1832.5,1832.55,1831.74,1831.75
2023-08-01 17:32:42,1831.71,1831.8,1832.45,1832.5,1831.83,1831.84
2023-08-01 17:32:54,1831.92,1832.03,1832.45,1832.5,1831.75,1831.76
2023-08-01 17:33:04,1831.74,1831.86,1832.4,1832.45,1831.75,1831.76
2023-08-01 17:33:15,1831.12,1831.19,1832.25,1832.3,1831.19,1831.2
2023-08-01 17:33:25,1831.28,1831.38,1832.0,1832.05,1831.18,1831.19
2023-08-01 17:33:37,1831.37,1831.49,1832.0,1832.05,1831.31,1831.32
2023-08-01 17:33:47,1831.28,1831.39,1832.0,1832.05,1831.3,1831.31
2023-08-01 17:33:58,1831.5,1831.64,1832.0,1832.05,1831.31,1831.32
2023-08-01 17:34:09,1831.44,1831.6,1832.0,1832.05,1831.31,1831.32
2023-08-01 17:34:20,1831.07,1831.2,1832.0,1832.05,1831.3,1831.31
2023-08-01 17:34:31,1830.96,1831.09,1832.0,1832.05,1831.2,1831.21
2023-08-01 17:34:43,1831.08,1831.19,1832.0,1832.05,1831.2,1831.21
2023-08-01 17:34:54,1830.48,1830.64,1831.65,1831.7,1830.5,1830.51
2023-08-01 17:35:05,1830.47,1830.58,1831.65,1831.7,1830.5,1830.51
2023-08-01 17:35:17,1831.14,1831.23,1832.15,1832.2,1830.94,1830.95
2023-08-01 17:35:28,1831.4,1831.51,1832.15,1832.2,1831.24,1831.25
2023-08-01 17:35:38,1830.92,1831.08,1832.15,1832.2,1831.23,1831.24
2023-08-01 17:35:49,1830.61,1830.72,1831.75,1831.8,1831.03,1831.04
2023-08-01 17:36:00,1830.7,1830.82,1831.9,1831.95,1830.67,1830.68
2023-08-01 17:36:12,1830.86,1830.97,1832.15,1832.2,1830.82,1830.83
2023-08-01 17:36:22,1831.05,1831.22,1832.15,1832.2,1830.83,1830.84
2023-08-01 17:36:33,1830.7,1830.85,1832.15,1832.2,1830.83,1830.84
2023-08-01 17:36:43,1830.38,1830.54,1831.25,1831.3,1830.5,1830.51
2023-08-01 17:36:54,1830.04,1830.17,1831.25,1831.3,1830.01,1830.02
2023-08-01 17:37:05,1830.13,1830.25,1830.8,1830.85,1830.0,1830.01
2023-08-01 17:37:16,1830.64,1830.77,1831.25,1831.3,1830.45,1830.46
2023-08-01 17:37:27,1829.98,1830.11,1831.25,1831.3,1830.24,1830.25
2023-08-01 17:37:37,1829.83,1829.91,1830.75,1830.8,1830.0,1830.01
2023-08-01 17:37:48,1829.61,1829.74,1830.75,1830.8,1829.77,1829.79
2023-08-01 17:37:58,1829.77,1829.89,1830.75,1830.8,1829.58,1829.59
2023-08-01 17:38:10,1830.03,1830.12,1830.75,1830.8,1829.81,1829.82
2023-08-01 17:38:21,1829.7,1829.82,1830.75,1830.8,1829.8,1829.81
2023-08-01 17:38:31,1829.7,1829.8,1830.75,1830.8,1829.84,1829.85
2023-08-01 17:38:43,1829.39,1829.51,1830.75,1830.8,1829.55,1829.56
2023-08-01 17:38:54,1829.56,1829.68,1830.7,1830.75,1829.55,1829.56
2023-08-01 17:39:04,1829.2,1829.21,1830.7,1830.75,1829.4,1829.41
2023-08-01 17:39:15,1829.11,1829.2,1830.55,1830.6,1829.4,1829.41
2023-08-01 17:39:25,1828.87,1829.03,1830.35,1830.4,1829.06,1829.07
2023-08-01 17:39:36,1829.08,1829.21,1830.35,1830.4,1829.08,1829.1
2023-08-01 17:39:47,1828.89,1829.02,1830.05,1830.1,1828.74,1828.75
2023-08-01 17:39:58,1828.86,1828.99,1829.65,1829.7,1828.57,1828.59
2023-08-01 17:40:09,1828.62,1828.71,1829.65,1829.7,1828.57,1828.58
2023-08-01 17:40:19,1828.85,1828.99,1829.65,1829.7,1828.62,1828.63
2023-08-01 17:40:30,1828.76,1828.92,1829.65,1829.7,1828.46,1828.48
2023-08-01 17:40:41,1828.81,1828.95,1829.65,1829.7,1828.46,1828.47
2023-08-01 17:40:52,1829.34,1829.5,1829.85,1829.9,1828.96,1828.97
2023-08-01 17:41:03,1830.01,1830.08,1830.6,1830.65,1829.84,1829.85
2023-08-01 17:41:14,1829.54,1829.64,1830.6,1830.65,1829.57,1829.58
2023-08-01 17:41:25,1829.69,1829.81,1830.6,1830.65,1829.58,1829.59
2023-08-01 17:41:36,1829.9,1830.0,1830.6,1830.65,1829.78,1829.79
2023-08-01 17:41:46,1830.43,1830.59,1831.5,1831.55,1830.25,1830.27
2023-08-01 17:41:57,1830.5,1830.63,1831.75,1831.8,1830.42,1830.43
2023-08-01 17:42:08,1830.67,1830.8,1831.6,1831.65,1830.35,1830.36
2023-08-01 17:42:18,1831.06,1831.22,1831.95,1832.0,1830.82,1830.83
2023-08-01 17:42:29,1830.66,1830.85,1832.05,1832.1,1830.91,1830.93
2023-08-01 17:42:39,1831.5,1831.66,1832.5,1832.55,1831.25,1831.26
2023-08-01 17:42:50,1831.5,1831.65,1832.45,1832.5,1830.99,1831.0
2023-08-01 17:43:01,1831.22,1831.36,1832.45,1832.5,1831.0,1831.01
2023-08-01 17:43:11,1831.53,1831.64,1832.65,1832.7,1831.28,1831.29
2023-08-01 17:43:22,1831.48,1831.58,1832.65,1832.7,1831.3,1831.31
2023-08-01 17:43:33,1831.42,1831.56,1832.65,1832.7,1831.47,1831.48
2023-08-01 17:43:44,1831.29,1831.36,1832.65,1832.7,1831.47,1831.48
2023-08-01 17:43:55,1831.21,1831.31,1832.65,1832.7,1831.47,1831.48
2023-08-01 17:44:06,1831.06,1831.17,1832.65,1832.7,1831.47,1831.48
2023-08-01 17:44:17,1831.01,1831.09,1832.25,1832.3,1831.06,1831.07
2023-08-01 17:44:28,1831.13,1831.24,1832.25,1832.3,1831.07,1831.08
2023-08-01 17:44:38,1831.32,1831.41,1832.45,1832.5,1831.32,1831.33
2023-08-01 17:44:49,1830.93,1830.99,1832.45,1832.5,1830.95,1830.97
2023-08-01 17:44:59,1830.68,1830.85,1832.25,1832.3,1830.95,1830.96
2023-08-01 17:45:10,1831.33,1831.44,1832.25,1832.3,1831.34,1831.35
2023-08-01 17:45:21,1831.55,1831.6,1832.45,1832.5,1831.4,1831.41
2023-08-01 17:45:32,1831.6,1831.74,1832.55,1832.6,1831.51,1831.52
2023-08-01 17:45:43,1831.78,1831.88,1832.55,1832.6,1831.76,1831.77
2023-08-01 17:45:54,1831.82,1831.94,1832.55,1832.6,1831.83,1831.84
2023-08-01 17:46:05,1831.69,1831.8,1833.05,1833.1,1831.82,1831.83
2023-08-01 17:46:15,1831.61,1831.79,1833.05,1833.1,1831.82,1831.83
2023-08-01 17:46:26,1831.41,1831.5,1833.05,1833.1,1831.8,1831.81
2023-08-01 17:46:37,1831.35,1831.52,1833.05,1833.1,1831.64,1831.65
2023-08-01 17:46:48,1830.9,1831.05,1832.3,1832.35,1831.28,1831.29
2023-08-01 17:46:58,1830.96,1831.09,1832.3,1832.35,1831.0,1831.01
2023-08-01 17:47:09,1830.85,1830.98,1832.3,1832.35,1830.87,1830.88
2023-08-01 17:47:19,1830.21,1830.35,1831.6,1831.65,1830.44,1830.45
2023-08-01 17:47:31,1830.1,1830.2,1831.6,1831.65,1830.07,1830.08
2023-08-01 17:47:42,1829.69,1829.85,1831.1,1831.15,1829.91,1829.92
2023-08-01 17:47:53,1829.47,1829.56,1830.6,1830.65,1829.64,1829.65
2023-08-01 17:48:05,1829.85,1829.97,1830.6,1830.65,1829.54,1829.55
2023-08-01 17:48:15,1830.37,1830.47,1831.25,1831.3,1829.99,1830.0
2023-08-01 17:48:27,1830.26,1830.41,1831.25,1831.3,1830.3,1830.31
2023-08-01 17:48:38,1830.11,1830.2,1831.25,1831.3,1830.35,1830.36
2023-08-01 17:48:50,1830.29,1830.41,1831.25,1831.3,1830.35,1830.36
2023-08-01 17:49:01,1830.07,1830.19,1831.25,1831.3,1830.35,1830.36
2023-08-01 17:49:12,1829.72,1829.85,1830.65,1830.7,1829.56,1829.57
2023-08-01 17:49:22,1830.06,1830.18,1831.25,1831.3,1830.05,1830.06
2023-08-01 17:49:33,1830.01,1830.18,1831.1,1831.15,1829.99,1830.0
2023-08-01 17:49:44,1829.75,1829.9,1830.85,1830.9,1829.73,1829.74
2023-08-01 17:49:56,1829.64,1829.75,1830.85,1830.9,1829.73,1829.74
2023-08-01 17:50:07,1829.96,1830.06,1830.85,1830.9,1829.73,1829.74
2023-08-01 17:50:17,1829.82,1829.96,1830.85,1830.9,1829.8,1829.81
2023-08-01 17:50:29,1829.84,1829.96,1830.85,1830.9,1829.8,1829.81
2023-08-01 17:50:40,1829.77,1829.86,1830.85,1830.9,1829.83,1829.84
2023-08-01 17:50:51,1830.01,1830.14,1831.0,1831.05,1829.83,1829.84
2023-08-01 17:51:02,1829.84,1829.95,1831.0,1831.05,1829.83,1829.84
2023-08-01 17:51:13,1830.18,1830.34,1831.05,1831.1,1830.12,1830.13
2023-08-01 17:51:24,1830.25,1830.35,1831.3,1831.35,1830.13,1830.14
2023-08-01 17:51:34,1830.41,1830.47,1831.6,1831.65,1830.39,1830.4
2023-08-01 17:51:46,1830.42,1830.54,1831.35,1831.4,1830.39,1830.4
2023-08-01 17:51:57,1830.49,1830.65,1831.7,1831.75,1830.44,1830.45
2023-08-01 17:52:08,1830.44,1830.61,1831.7,1831.75,1830.44,1830.45
2023-08-01 17:52:18,1829.9,1829.99,1831.55,1831.6,1830.2,1830.21
2023-08-01 17:52:29,1829.42,1829.56,1831.0,1831.05,1829.69,1829.7
2023-08-01 17:52:40,1829.24,1829.37,1830.95,1831.0,1829.43,1829.44
2023-08-01 17:52:51,1829.1,1829.2,1830.6,1830.65,1828.98,1829.0
2023-08-01 17:53:01,1829.07,1829.2,1830.6,1830.65,1828.96,1828.97
2023-08-01 17:53:12,1828.96,1829.15,1830.55,1830.6,1828.85,1828.86
2023-08-01 17:53:22,1829.26,1829.37,1830.55,1830.6,1829.04,1829.05
2023-08-01 17:53:33,1829.27,1829.36,1830.55,1830.6,1829.17,1829.18
2023-08-01 17:53:44,1829.68,1829.84,1830.8,1830.85,1829.44,1829.45
2023-08-01 17:53:55,1830.02,1830.15,1831.0,1831.05,1829.79,1829.8
2023-08-01 17:54:06,1830.34,1830.49,1831.45,1831.5,1830.44,1830.45
2023-08-01 17:54:17,1830.76,1830.93,1831.95,1832.0,1830.48,1830.49
2023-08-01 17:54:27,1830.88,1831.0,1832.0,1832.05,1830.64,1830.65
2023-08-01 17:54:38,1830.83,1830.97,1832.05,1832.1,1830.82,1830.84
2023-08-01 17:54:49,1830.93,1831.08,1832.05,1832.1,1830.89,1830.9
2023-08-01 17:55:00,1831.0,1831.12,1832.1,1832.15,1830.9,1830.91
2023-08-01 17:55:11,1830.76,1830.9,1832.1,1832.15,1830.89,1830.9
2023-08-01 17:55:22,1830.84,1831.04,1832.1,1832.15,1830.9,1830.91
2023-08-01 17:55:33,1830.38,1830.47,1832.1,1832.15,1830.45,1830.46
2023-08-01 17:55:44,1830.72,1830.84,1832.1,1832.15,1830.82,1830.83
2023-08-01 17:55:55,1830.74,1830.86,1832.1,1832.15,1830.82,1830.83
2023-08-01 17:56:06,1831.15,1831.27,1832.1,1832.15,1831.16,1831.17
2023-08-01 17:56:18,1831.13,1831.32,1832.1,1832.15,1831.24,1831.25
2023-08-01 17:56:29,1831.04,1831.19,1832.1,1832.15,1831.23,1831.24
2023-08-01 17:56:40,1831.09,1831.2,1832.1,1832.15,1831.23,1831.24
2023-08-01 17:56:51,1831.08,1831.2,1832.1,1832.15,1831.23,1831.24
2023-08-01 17:57:02,1830.97,1831.11,1832.1,1832.15,1831.23,1831.24
2023-08-01 17:57:14,1831.1,1831.19,1832.1,1832.15,1831.23,1831.24
2023-08-01 17:57:25,1831.66,1831.79,1832.85,1832.9,1831.76,1831.77
2023-08-01 17:57:36,1831.6,1831.7,1832.85,1832.9,1831.78,1831.79
2023-08-01 17:57:47,1832.06,1832.17,1833.25,1833.3,1832.34,1832.35
2023-08-01 17:57:58,1831.25,1831.39,1832.75,1832.8,1831.6,1831.61
2023-08-01 17:58:09,1831.57,1831.59,1832.7,1832.75,1831.76,1831.77
2023-08-01 17:58:20,1831.23,1831.31,1832.55,1832.6,1831.6,1831.61
2023-08-01 17:58:31,1831.23,1831.31,1832.55,1832.6,1831.6,1831.61
2023-08-01 17:58:42,1831.12,1831.25,1832.55,1832.6,1831.6,1831.61
2023-08-01 17:58:53,1831.0,1831.12,1832.55,1832.6,1831.6,1831.61
2023-08-01 17:59:03,1831.23,1831.33,1832.55,1832.6,1831.43,1831.44
2023-08-01 17:59:15,1832.06,1832.16,1833.35,1833.4,1831.99,1832.0
2023-08-01 17:59:25,1832.47,1832.59,1833.75,1833.8,1832.76,1832.78
2023-08-01 17:59:36,1832.67,1832.8,1833.75,1833.8,1832.75,1832.76
2023-08-01 17:59:46,1832.54,1832.67,1833.75,1833.8,1832.51,1832.52
2023-08-01 17:59:57,1832.59,1832.68,1833.75,1833.8,1832.66,1832.67
2023-08-01 18:00:08,1832.71,1832.87,1833.75,1833.8,1832.6,1832.61
2023-08-01 18:00:19,1832.76,1832.88,1833.75,1833.8,1832.8,1832.81
2023-08-01 18:00:31,1832.25,1832.37,1833.75,1833.8,1832.45,1832.46
2023-08-01 18:00:42,1832.64,1832.8,1833.95,1834.0,1832.84,1832.85
2023-08-01 18:00:54,1832.71,1832.83,1833.95,1834.0,1832.69,1832.7
2023-08-01 18:01:04,1832.81,1832.92,1834.35,1834.4,1832.86,1832.87
2023-08-01 18:01:15,1833.01,1833.13,1834.35,1834.4,1833.11,1833.12
2023-08-01 18:01:26,1832.92,1833.01,1834.35,1834.4,1833.07,1833.08
2023-08-01 18:01:36,1833.11,1833.14,1834.35,1834.4,1833.1,1833.12
2023-08-01 18:01:47,1833.25,1833.38,1834.35,1834.4,1833.19,1833.2
2023-08-01 18:01:58,1833.41,1833.53,1834.45,1834.5,1833.58,1833.59
2023-08-01 18:02:09,1833.52,1833.59,1834.45,1834.5,1833.45,1833.46
2023-08-01 18:02:20,1833.39,1833.51,1834.45,1834.5,1833.5,1833.51
2023-08-01 18:02:31,1833.65,1833.77,1834.7,1834.75,1833.78,1833.79
2023-08-01 18:02:42,1833.42,1833.6,1834.7,1834.75,1833.68,1833.69
2023-08-01 18:02:52,1833.67,1833.78,1834.95,1835.0,1833.84,1833.85
2023-08-01 18:03:03,1833.68,1833.79,1834.95,1835.0,1833.84,1833.85
2023-08-01 18:03:14,1833.56,1833.77,1834.95,1835.0,1833.75,1833.76
2023-08-01 18:03:24,1833.57,1833.6,1834.95,1835.0,1833.7,1833.71
2023-08-01 18:03:35,1833.63,1833.76,1834.95,1835.0,1833.69,1833.7
2023-08-01 18:03:46,1833.87,1833.95,1834.95,1835.0,1833.7,1833.71
2023-08-01 18:03:56,1833.72,1833.9,1834.95,1835.0,1833.7,1833.71
2023-08-01 18:04:08,1833.5,1833.62,1834.95,1835.0,1833.68,1833.69
2023-08-01 18:04:18,1833.51,1833.67,1834.95,1835.0,1833.64,1833.65
2023-08-01 18:04:30,1833.63,1833.76,1834.95,1835.0,1833.64,1833.65
2023-08-01 18:04:41,1833.8,1833.88,1834.95,1835.0,1833.7,1833.71
2023-08-01 18:04:52,1834.12,1834.29,1835.15,1835.2,1833.96,1833.97
2023-08-01 18:05:02,1834.3,1834.38,1835.15,1835.2,1834.31,1834.32
2023-08-01 18:05:13,1834.41,1834.54,1835.15,1835.2,1834.31,1834.32
2023-08-01 18:05:24,1834.38,1834.52,1835.15,1835.2,1834.44,1834.45
2023-08-01 18:05:35,1834.74,1834.9,1836.05,1836.1,1834.95,1834.96
2023-08-01 18:05:46,1834.92,1835.07,1836.3,1836.35,1835.19,1835.2
2023-08-01 18:05:56,1834.82,1834.99,1836.3,1836.35,1835.17,1835.18
2023-08-01 18:06:08,1834.92,1835.06,1836.3,1836.35,1835.17,1835.19
2023-08-01 18:06:19,1834.72,1834.88,1836.3,1836.35,1835.17,1835.18
2023-08-01 18:06:29,1834.39,1834.51,1836.3,1836.35,1834.67,1834.69
2023-08-01 18:06:41,1833.65,1833.83,1835.25,1835.3,1834.0,1834.01
2023-08-01 18:06:51,1834.01,1834.12,1835.25,1835.3,1834.25,1834.26
2023-08-01 18:07:02,1833.81,1833.94,1835.25,1835.3,1834.17,1834.19
2023-08-01 18:07:13,1833.98,1834.1,1835.25,1835.3,1834.12,1834.13
2023-08-01 18:07:23,1833.94,1834.07,1835.25,1835.3,1834.0,1834.01
2023-08-01 18:07:34,1833.92,1834.06,1835.25,1835.3,1834.0,1834.01
2023-08-01 18:07:45,1833.88,1834.01,1835.25,1835.3,1833.94,1833.95
2023-08-01 18:07:55,1834.36,1834.47,1835.25,1835.3,1834.19,1834.2
2023-08-01 18:08:07,1834.51,1834.66,1835.9,1835.95,1834.51,1834.52
2023-08-01 18:08:18,1834.29,1834.45,1835.9,1835.95,1834.34,1834.36
2023-08-01 18:08:29,1834.75,1834.85,1835.9,1835.95,1834.59,1834.6
2023-08-01 18:08:39,1834.7,1834.82,1836.1,1836.15,1834.83,1834.84
2023-08-01 18:08:50,1835.01,1835.16,1836.5,1836.55,1835.2,1835.21
2023-08-01 18:09:00,1835.12,1835.27,1836.5,1836.55,1835.2,1835.21
2023-08-01 18:09:11,1835.12,1835.23,1836.5,1836.55,1835.31,1835.32
2023-08-01 18:09:22,1835.35,1835.45,1836.5,1836.55,1835.35,1835.37
2023-08-01 18:09:33,1835.45,1835.58,1836.9,1836.95,1835.75,1835.76
2023-08-01 18:09:43,1835.45,1835.53,1836.9,1836.95,1835.76,1835.77
2023-08-01 18:09:54,1835.35,1835.46,1836.9,1836.95,1835.54,1835.55
2023-08-01 18:10:05,1835.48,1835.55,1836.9,1836.95,1835.54,1835.55
2023-08-01 18:10:16,1835.3,1835.39,1836.9,1836.95,1835.53,1835.55
2023-08-01 18:10:27,1835.42,1835.59,1836.9,1836.95,1835.53,1835.55
2023-08-01 18:10:37,1835.2,1835.34,1836.9,1836.95,1835.44,1835.45
2023-08-01 18:10:49,1835.14,1835.28,1836.9,1836.95,1835.44,1835.45
2023-08-01 18:10:59,1835.05,1835.15,1836.9,1836.95,1835.44,1835.45
2023-08-01 18:11:10,1835.13,1835.3,1836.9,1836.95,1835.45,1835.46
2023-08-01 18:11:21,1835.23,1835.37,1836.9,1836.95,1835.45,1835.46
2023-08-01 18:11:31,1835.08,1835.19,1836.45,1836.5,1835.21,1835.22
2023-08-01 18:11:42,1835.26,1835.37,1836.9,1836.95,1835.56,1835.57
2023-08-01 18:11:54,1835.28,1835.41,1836.9,1836.95,1835.55,1835.56
2023-08-01 18:12:05,1835.24,1835.36,1836.9,1836.95,1835.46,1835.48
2023-08-01 18:12:16,1835.14,1835.24,1836.9,1836.95,1835.43,1835.45
2023-08-01 18:12:27,1835.3,1835.4,1836.9,1836.95,1835.44,1835.45
2023-08-01 18:12:37,1835.11,1835.25,1836.9,1836.95,1835.43,1835.44
2023-08-01 18:12:48,1835.17,1835.32,1836.9,1836.95,1835.38,1835.39
2023-08-01 18:12:59,1835.11,1835.23,1836.9,1836.95,1835.38,1835.39
2023-08-01 18:13:09,1835.49,1835.65,1836.9,1836.95,1835.39,1835.4
2023-08-01 18:13:20,1835.01,1835.18,1836.6,1836.75,1835.44,1835.45
2023-08-01 18:13:31,1834.9,1835.14,1836.35,1836.4,1835.25,1835.26
2023-08-01 18:13:42,1834.2,1834.33,1835.6,1835.65,1834.33,1834.34
2023-08-01 18:13:54,1834.05,1834.14,1835.6,1835.65,1834.11,1834.12
2023-08-01 18:14:05,1834.11,1834.29,1835.6,1835.65,1834.29,1834.3
2023-08-01 18:14:16,1833.94,1834.1,1835.25,1835.3,1834.28,1834.29
2023-08-01 18:14:27,1833.76,1833.9,1835.25,1835.3,1833.96,1833.97
2023-08-01 18:14:38,1833.6,1833.77,1834.75,1834.8,1833.65,1833.66
2023-08-01 18:14:49,1833.87,1833.99,1834.75,1834.8,1833.86,1833.87
2023-08-01 18:15:00,1833.77,1833.91,1834.75,1834.8,1833.86,1833.87
2023-08-01 18:15:11,1833.46,1833.59,1834.75,1834.8,1833.59,1833.6
2023-08-01 18:15:21,1833.33,1833.49,1834.75,1834.8,1833.52,1833.53
2023-08-01 18:15:33,1833.87,1833.99,1834.75,1834.8,1833.87,1833.88
2023-08-01 18:15:44,1833.82,1833.99,1835.05,1835.1,1833.87,1833.88
2023-08-01 18:15:54,1833.81,1833.93,1835.35,1835.4,1833.97,1833.98
2023-08-01 18:16:05,1834.21,1834.35,1835.4,1835.45,1834.2,1834.21
2023-08-01 18:16:17,1834.41,1834.52,1835.6,1835.65,1834.44,1834.45
2023-08-01 18:16:27,1834.7,1834.85,1836.0,1836.05,1834.8,1834.81
2023-08-01 18:16:38,1834.75,1834.81,1836.0,1836.05,1834.79,1834.8
2023-08-01 18:16:49,1835.0,1835.17,1836.0,1836.05,1834.94,1834.95
2023-08-01 18:17:00,1834.77,1834.87,1836.0,1836.05,1834.82,1834.83
2023-08-01 18:17:11,1834.88,1834.93,1836.0,1836.05,1834.82,1834.83
2023-08-01 18:17:22,1834.86,1835.0,1836.0,1836.05,1834.91,1834.92
2023-08-01 18:17:33,1834.71,1834.87,1836.0,1836.05,1834.9,1834.91
2023-08-01 18:17:43,1835.56,1835.7,1836.5,1836.55,1835.43,1835.44
2023-08-01 18:17:54,1835.69,1835.78,1836.9,1836.95,1835.79,1835.8
2023-08-01 18:18:04,1835.7,1835.87,1836.9,1836.95,1835.79,1835.8
2023-08-01 18:18:15,1835.63,1835.79,1837.2,1837.25,1835.79,1835.8
2023-08-01 18:18:26,1835.73,1835.84,1837.2,1837.25,1835.79,1835.8
2023-08-01 18:18:37,1835.77,1835.93,1837.2,1837.25,1835.79,1835.8
2023-08-01 18:18:48,1835.43,1835.58,1837.2,1837.25,1835.79,1835.8
2023-08-01 18:18:58,1835.33,1835.47,1836.75,1836.8,1835.39,1835.4
2023-08-01 18:19:09,1835.18,1835.29,1836.75,1836.8,1835.38,1835.39
2023-08-01 18:19:20,1835.01,1835.17,1836.75,1836.8,1835.25,1835.26
2023-08-01 18:19:31,1834.83,1834.97,1836.15,1836.2,1835.08,1835.09
2023-08-01 18:19:43,1834.55,1834.65,1835.7,1835.75,1834.57,1834.58
2023-08-01 18:19:54,1834.42,1834.56,1835.7,1835.75,1834.56,1834.57
2023-08-01 18:20:05,1835.27,1835.38,1836.15,1836.2,1835.23,1835.24
2023-08-01 18:20:16,1835.32,1835.47,1836.55,1836.6,1835.3,1835.31
2023-08-01 18:20:26,1835.06,1835.18,1836.55,1836.6,1835.3,1835.31
2023-08-01 18:20:37,1835.22,1835.36,1836.55,1836.6,1835.29,1835.3
2023-08-01 18:20:48,1835.21,1835.33,1836.55,1836.6,1835.3,1835.31
2023-08-01 18:20:59,1834.93,1835.09,1836.4,1836.45,1835.18,1835.19
2023-08-01 18:21:10,1835.01,1835.11,1836.4,1836.45,1835.17,1835.18
2023-08-01 18:21:21,1835.18,1835.31,1836.4,1836.45,1835.11,1835.12
2023-08-01 18:21:32,1835.09,1835.29,1836.4,1836.45,1835.1,1835.11
2023-08-01 18:21:43,1834.9,1835.03,1836.4,1836.45,1835.1,1835.11
2023-08-01 18:21:54,1835.01,1835.18,1836.4,1836.45,1835.11,1835.12
2023-08-01 18:22:05,1835.09,1835.2,1836.4,1836.45,1835.11,1835.12
2023-08-01 18:22:17,1835.66,1835.8,1836.4,1836.45,1835.62,1835.63
2023-08-01 18:22:27,1835.66,1835.79,1836.4,1836.45,1835.63,1835.64
2023-08-01 18:22:38,1835.54,1835.66,1836.4,1836.45,1835.63,1835.64
2023-08-01 18:22:48,1835.55,1835.7,1836.4,1836.45,1835.63,1835.64
2023-08-01 18:23:00,1835.52,1835.63,1836.4,1836.45,1835.63,1835.64
2023-08-01 18:23:11,1835.42,1835.58,1836.4,1836.45,1835.55,1835.56
2023-08-01 18:23:22,1835.54,1835.68,1836.4,1836.45,1835.56,1835.57
2023-08-01 18:23:32,1835.84,1835.98,1836.4,1836.45,1835.71,1835.72
2023-08-01 18:23:43,1836.1,1836.16,1837.1,1837.15,1835.99,1836.0
2023-08-01 18:23:54,1835.9,1836.06,1837.1,1837.15,1836.03,1836.04
2023-08-01 18:24:05,1835.67,1835.8,1837.1,1837.15,1835.84,1835.85
2023-08-01 18:24:16,1835.88,1835.97,1837.1,1837.15,1835.94,1835.95
2023-08-01 18:24:27,1835.93,1836.04,1837.1,1837.15,1835.94,1835.95
2023-08-01 18:24:38,1835.95,1836.06,1837.1,1837.15,1836.03,1836.04
2023-08-01 18:24:48,1835.9,1836.02,1837.1,1837.15,1836.03,1836.04
2023-08-01 18:24:59,1836.25,1836.4,1837.55,1837.6,1836.29,1836.3
2023-08-01 18:25:10,1836.13,1836.31,1837.45,1837.5,1836.2,1836.21
2023-08-01 18:25:20,1836.01,1836.12,1837.45,1837.5,1836.29,1836.3
2023-08-01 18:25:31,1836.03,1836.17,1837.45,1837.5,1836.36,1836.37
2023-08-01 18:25:42,1835.8,1835.95,1837.2,1837.25,1835.92,1835.93
2023-08-01 18:25:53,1835.42,1835.54,1837.1,1837.15,1835.85,1835.86
2023-08-01 18:26:04,1835.26,1835.42,1837.0,1837.05,1835.68,1835.69
2023-08-01 18:26:16,1835.07,1835.19,1837.0,1837.05,1835.58,1835.59
2023-08-01 18:26:26,1834.8,1834.95,1836.35,1836.4,1835.12,1835.13
2023-08-01 18:26:38,1834.71,1834.85,1836.2,1836.25,1835.05,1835.06
2023-08-01 18:26:48,1834.46,1834.59,1836.2,1836.25,1834.94,1834.95
2023-08-01 18:26:59,1834.2,1834.31,1835.95,1836.0,1834.59,1834.61
2023-08-01 18:27:10,1834.23,1834.37,1835.95,1836.0,1834.59,1834.6
2023-08-01 18:27:21,1834.44,1834.58,1835.95,1836.0,1834.6,1834.61
2023-08-01 18:27:32,1834.44,1834.59,1835.95,1836.0,1834.6,1834.61
2023-08-01 18:27:43,1834.43,1834.58,1835.95,1836.0,1834.68,1834.69
2023-08-01 18:27:54,1834.37,1834.5,1835.95,1836.0,1834.68,1834.69
2023-08-01 18:28:05,1834.64,1834.77,1835.95,1836.0,1834.68,1834.69
2023-08-01 18:28:16,1834.39,1834.51,1835.95,1836.0,1834.67,1834.68
2023-08-01 18:28:26,1834.44,1834.56,1835.95,1836.0,1834.66,1834.67
2023-08-01 18:28:38,1834.41,1834.48,1835.95,1836.0,1834.59,1834.6
2023-08-01 18:28:48,1834.47,1834.59,1835.95,1836.0,1834.6,1834.61
2023-08-01 18:28:59,1834.63,1834.76,1835.95,1836.0,1834.6,1834.61
2023-08-01 18:29:10,1834.6,1834.7,1835.95,1836.0,1834.62,1834.63
2023-08-01 18:29:21,1834.6,1834.71,1835.95,1836.0,1834.62,1834.63
2023-08-01 18:29:32,1834.73,1834.78,1835.95,1836.0,1834.62,1834.63
2023-08-01 18:29:43,1834.77,1834.91,1835.95,1836.0,1834.72,1834.73
2023-08-01 18:29:54,1834.82,1834.97,1835.95,1836.0,1834.84,1834.85
2023-08-01 18:30:06,1835.02,1835.14,1836.1,1836.15,1834.99,1835.0
2023-08-01 18:30:17,1834.36,1834.53,1835.95,1836.0,1834.69,1834.7
2023-08-01 18:30:27,1834.77,1834.89,1835.95,1836.0,1834.76,1834.77
2023-08-01 18:30:38,1834.45,1834.62,1835.95,1836.0,1834.76,1834.77
2023-08-01 18:30:49,1834.29,1834.42,1835.95,1836.0,1834.73,1834.74
2023-08-01 18:31:00,1834.36,1834.45,1835.75,1835.8,1834.45,1834.46
2023-08-01 18:31:11,1834.04,1834.11,1835.5,1835.55,1834.28,1834.29
2023-08-01 18:31:22,1834.1,1834.2,1835.5,1835.55,1834.25,1834.26
2023-08-01 18:31:32,1833.82,1833.94,1835.2,1835.25,1833.93,1833.94
2023-08-01 18:31:44,1834.37,1834.49,1835.55,1835.6,1834.22,1834.23
2023-08-01 18:31:55,1834.51,1834.61,1835.55,1835.6,1834.28,1834.3
2023-08-01 18:32:05,1834.07,1834.18,1835.2,1835.25,1834.17,1834.18
2023-08-01 18:32:16,1833.93,1834.04,1835.2,1835.25,1833.93,1833.94
2023-08-01 18:32:26,1833.92,1834.03,1835.2,1835.25,1833.93,1833.94
2023-08-01 18:32:37,1833.94,1834.1,1835.2,1835.25,1833.93,1833.94
2023-08-01 18:32:48,1833.8,1833.97,1835.2,1835.25,1833.92,1833.93
2023-08-01 18:32:59,1833.94,1834.07,1835.2,1835.25,1833.92,1833.93
2023-08-01 18:33:10,1833.9,1834.05,1835.2,1835.25,1833.92,1833.93
2023-08-01 18:33:21,1833.61,1833.69,1835.2,1835.25,1833.92,1833.93
2023-08-01 18:33:32,1833.72,1833.82,1835.2,1835.25,1833.85,1833.86
2023-08-01 18:33:43,1833.61,1833.66,1835.2,1835.25,1833.83,1833.84
2023-08-01 18:33:54,1833.8,1833.91,1835.2,1835.25,1833.83,1833.84
2023-08-01 18:34:05,1833.9,1833.99,1835.2,1835.25,1833.83,1833.84
2023-08-01 18:34:16,1833.8,1833.94,1835.2,1835.25,1833.83,1833.84
2023-08-01 18:34:27,1834.09,1834.22,1835.2,1835.25,1833.84,1833.85
2023-08-01 18:34:38,1833.57,1833.65,1834.9,1834.95,1833.58,1833.59
2023-08-01 18:34:49,1833.8,1833.99,1834.9,1834.95,1833.58,1833.59
2023-08-01 18:35:00,1834.23,1834.33,1835.25,1835.3,1833.97,1833.98
2023-08-01 18:35:11,1834.23,1834.31,1835.25,1835.3,1833.98,1833.99
2023-08-01 18:35:22,1834.24,1834.36,1835.25,1835.3,1833.98,1833.99
2023-08-01 18:35:33,1834.22,1834.37,1835.25,1835.3,1833.98,1833.99
2023-08-01 18:35:44,1834.07,1834.19,1835.25,1835.3,1833.98,1833.99
2023-08-01 18:35:55,1834.27,1834.39,1835.25,1835.3,1833.98,1833.99
2023-08-01 18:36:06,1834.26,1834.37,1835.25,1835.3,1833.98,1833.99
2023-08-01 18:36:17,1834.7,1834.77,1835.85,1835.9,1834.49,1834.5
2023-08-01 18:36:28,1834.71,1834.86,1835.85,1835.9,1834.49,1834.5
2023-08-01 18:36:39,1834.61,1834.78,1835.85,1835.9,1834.49,1834.5
2023-08-01 18:36:50,1834.61,1834.72,1835.85,1835.9,1834.49,1834.5
2023-08-01 18:37:02,1834.24,1834.36,1835.85,1835.9,1834.38,1834.39
2023-08-01 18:37:12,1834.82,1834.94,1835.95,1836.0,1834.74,1834.75
2023-08-01 18:37:23,1834.79,1834.88,1835.95,1836.0,1834.74,1834.75
2023-08-01 18:37:34,1834.65,1834.8,1835.95,1836.0,1834.74,1834.75
2023-08-01 18:37:45,1835.0,1835.12,1836.1,1836.15,1835.18,1835.19
2023-08-01 18:37:56,1834.94,1835.01,1836.1,1836.15,1835.11,1835.12
2023-08-01 18:38:06,1834.76,1834.88,1836.1,1836.15,1834.98,1834.99
2023-08-01 18:38:17,1834.72,1834.83,1836.1,1836.15,1834.98,1834.99
2023-08-01 18:38:29,1834.81,1834.87,1836.1,1836.15,1834.98,1834.99
2023-08-01 18:38:40,1834.45,1834.54,1836.1,1836.15,1834.77,1834.78
2023-08-01 18:38:51,1834.43,1834.53,1836.1,1836.15,1834.66,1834.67
2023-08-01 18:39:01,1834.44,1834.55,1836.1,1836.15,1834.66,1834.67
2023-08-01 18:39:12,1834.84,1834.93,1836.1,1836.15,1834.87,1834.88
2023-08-01 18:39:23,1834.81,1834.9,1836.1,1836.15,1834.88,1834.89
2023-08-01 18:39:34,1834.74,1834.89,1836.1,1836.15,1834.87,1834.88
2023-08-01 18:39:44,1834.77,1834.95,1836.1,1836.15,1834.87,1834.88
2023-08-01 18:39:55,1834.82,1834.99,1836.1,1836.15,1834.87,1834.88
2023-08-01 18:40:06,1834.74,1834.88,1836.1,1836.15,1834.87,1834.88
2023-08-01 18:40:17,1834.87,1835.0,1836.1,1836.15,1834.88,1834.89
2023-08-01 18:40:28,1834.74,1834.86,1836.1,1836.15,1834.88,1834.89
2023-08-01 18:40:38,1834.77,1834.88,1836.1,1836.15,1834.88,1834.89
2023-08-01 18:40:49,1834.62,1834.75,1836.1,1836.15,1834.87,1834.88
2023-08-01 18:41:00,1834.57,1834.73,1836.1,1836.15,1834.75,1834.76
2023-08-01 18:41:10,1834.62,1834.77,1836.1,1836.15,1834.75,1834.76
2023-08-01 18:41:21,1834.22,1834.34,1835.6,1835.65,1834.39,1834.4
2023-08-01 18:41:31,1834.08,1834.18,1835.6,1835.65,1834.14,1834.15
2023-08-01 18:41:42,1834.09,1834.21,1835.6,1835.65,1834.1,1834.11
2023-08-01 18:41:53,1834.23,1834.32,1835.6,1835.65,1834.09,1834.1
2023-08-01 18:42:03,1834.53,1834.63,1835.6,1835.65,1834.42,1834.43
2023-08-01 18:42:14,1834.47,1834.62,1835.6,1835.65,1834.41,1834.42
2023-08-01 18:42:25,1834.51,1834.63,1835.6,1835.65,1834.41,1834.42
2023-08-01 18:42:35,1834.65,1834.79,1835.6,1835.65,1834.41,1834.42
2023-08-01 18:42:47,1834.27,1834.46,1835.6,1835.65,1834.25,1834.26
2023-08-01 18:42:59,1834.25,1834.39,1835.6,1835.65,1834.1,1834.12
2023-08-01 18:43:09,1833.92,1834.14,1835.15,1835.2,1834.03,1834.05
2023-08-01 18:43:20,1834.0,1834.12,1835.15,1835.2,1834.01,1834.02
2023-08-01 18:43:31,1834.13,1834.25,1835.15,1835.2,1834.02,1834.03
2023-08-01 18:43:42,1834.11,1834.26,1835.15,1835.2,1834.02,1834.03
2023-08-01 18:43:52,1834.17,1834.26,1835.35,1835.4,1834.27,1834.28
2023-08-01 18:44:03,1834.28,1834.37,1835.35,1835.4,1834.14,1834.15
2023-08-01 18:44:14,1834.4,1834.48,1835.35,1835.4,1834.16,1834.18
2023-08-01 18:44:24,1834.3,1834.4,1835.35,1835.4,1834.24,1834.25
2023-08-01 18:44:36,1834.83,1834.91,1836.05,1836.1,1834.88,1834.89
2023-08-01 18:44:46,1835.11,1835.19,1836.2,1836.25,1834.99,1835.0
2023-08-01 18:44:57,1835.07,1835.18,1836.2,1836.25,1834.99,1835.0
2023-08-01 18:45:07,1835.05,1835.11,1836.2,1836.25,1834.99,1835.0
2023-08-01 18:45:18,1834.86,1834.96,1836.35,1836.4,1834.99,1835.0
2023-08-01 18:45:29,1834.76,1834.92,1836.35,1836.4,1834.86,1834.87
2023-08-01 18:45:40,1834.86,1834.91,1836.35,1836.4,1834.86,1834.87
2023-08-01 18:45:51,1834.86,1834.98,1836.35,1836.4,1834.86,1834.87
2023-08-01 18:46:02,1835.06,1835.15,1836.35,1836.4,1834.86,1834.87
2023-08-01 18:46:13,1834.97,1835.05,1836.35,1836.4,1834.98,1834.99
2023-08-01 18:46:23,1834.8,1834.9,1836.35,1836.4,1834.89,1834.9
2023-08-01 18:46:35,1834.74,1834.88,1836.35,1836.4,1834.89,1834.9
2023-08-01 18:46:46,1834.77,1834.88,1836.35,1836.4,1834.89,1834.9
2023-08-01 18:46:56,1835.08,1835.15,1836.35,1836.4,1834.9,1834.91
2023-08-01 18:47:07,1834.98,1835.02,1836.35,1836.4,1834.99,1835.0
2023-08-01 18:47:18,1834.98,1835.06,1836.35,1836.4,1834.99,1835.0
2023-08-01 18:47:29,1835.6,1835.75,1836.95,1837.0,1835.72,1835.73
2023-08-01 18:47:40,1835.47,1835.55,1836.95,1837.0,1835.72,1835.73
2023-08-01 18:47:50,1835.48,1835.57,1836.95,1837.0,1835.64,1835.65
2023-08-01 18:48:01,1835.81,1835.92,1836.95,1837.0,1835.64,1835.65
2023-08-01 18:48:11,1835.53,1835.65,1836.95,1837.0,1835.64,1835.65
2023-08-01 18:48:22,1836.19,1836.31,1836.95,1837.0,1836.1,1836.11
2023-08-01 18:48:33,1836.07,1836.15,1836.95,1837.0,1836.15,1836.16
2023-08-01 18:48:44,1836.02,1836.11,1836.95,1837.0,1836.11,1836.12
2023-08-01 18:48:56,1836.05,1836.19,1836.95,1837.0,1836.11,1836.12
2023-08-01 18:49:06,1836.06,1836.22,1836.95,1837.0,1836.11,1836.12
2023-08-01 18:49:17,1836.06,1836.15,1836.95,1837.0,1836.11,1836.12
2023-08-01 18:49:28,1836.51,1836.57,1837.35,1837.4,1836.55,1836.56
2023-08-01 18:49:40,1836.17,1836.24,1837.35,1837.4,1836.28,1836.29
2023-08-01 18:49:50,1836.31,1836.4,1837.35,1837.4,1836.29,1836.3
2023-08-01 18:50:01,1836.34,1836.45,1837.35,1837.4,1836.43,1836.44
2023-08-01 18:50:12,1836.24,1836.39,1837.35,1837.4,1836.43,1836.44
2023-08-01 18:50:23,1835.97,1836.07,1837.35,1837.4,1836.08,1836.09
2023-08-01 18:50:34,1835.99,1836.08,1837.35,1837.4,1836.08,1836.09
2023-08-01 18:50:45,1835.97,1836.1,1837.35,1837.4,1836.08,1836.09
2023-08-01 18:50:56,1835.97,1836.14,1837.35,1837.4,1836.08,1836.09
2023-08-01 18:51:08,1836.1,1836.14,1837.35,1837.4,1836.01,1836.02
2023-08-01 18:51:18,1836.25,1836.34,1837.35,1837.4,1836.33,1836.34
2023-08-01 18:51:29,1836.12,1836.27,1837.35,1837.4,1836.33,1836.34
2023-08-01 18:51:39,1836.09,1836.16,1837.35,1837.4,1836.33,1836.34
2023-08-01 18:51:50,1835.85,1835.96,1837.35,1837.4,1836.07,1836.08
2023-08-01 18:52:01,1835.93,1836.08,1837.35,1837.4,1836.07,1836.08
2023-08-01 18:52:11,1835.84,1835.99,1837.35,1837.4,1836.07,1836.08
2023-08-01 18:52:22,1836.4,1836.43,1837.35,1837.4,1836.67,1836.68
2023-08-01 18:52:33,1836.4,1836.45,1837.35,1837.4,1836.67,1836.68
2023-08-01 18:52:44,1836.41,1836.51,1837.35,1837.4,1836.67,1836.68
2023-08-01 18:52:55,1836.26,1836.39,1837.35,1837.4,1836.66,1836.67
2023-08-01 18:53:06,1835.79,1835.94,1837.35,1837.4,1836.06,1836.07
2023-08-01 18:53:16,1835.74,1835.87,1837.35,1837.4,1836.05,1836.06
2023-08-01 18:53:27,1835.72,1835.79,1837.35,1837.4,1836.05,1836.06
2023-08-01 18:53:38,1835.78,1835.92,1837.35,1837.4,1836.05,1836.06
2023-08-01 18:53:48,1835.79,1835.86,1837.35,1837.4,1836.05,1836.06
2023-08-01 18:53:59,1835.84,1835.92,1837.35,1837.4,1836.05,1836.06
2023-08-01 18:54:09,1835.6,1835.74,1837.35,1837.4,1835.83,1835.84
2023-08-01 18:54:21,1835.76,1835.85,1837.35,1837.4,1835.84,1835.85
2023-08-01 18:54:32,1835.62,1835.76,1837.35,1837.4,1835.83,1835.84
2023-08-01 18:54:42,1835.63,1835.75,1837.35,1837.4,1835.84,1835.85
2023-08-01 18:54:54,1835.71,1835.84,1837.35,1837.4,1835.84,1835.85
2023-08-01 18:55:04,1835.67,1835.85,1837.35,1837.4,1835.84,1835.85
2023-08-01 18:55:16,1835.27,1835.37,1836.7,1836.75,1835.63,1835.64
2023-08-01 18:55:27,1835.09,1835.22,1836.7,1836.75,1835.44,1835.45
2023-08-01 18:55:38,1834.89,1835.04,1836.7,1836.75,1835.4,1835.41
2023-08-01 18:55:49,1834.92,1835.07,1836.7,1836.75,1835.26,1835.27
2023-08-01 18:55:59,1834.81,1834.87,1836.5,1836.55,1835.22,1835.23
2023-08-01 18:56:11,1835.13,1835.23,1836.5,1836.55,1835.26,1835.27
2023-08-01 18:56:22,1835.07,1835.23,1836.5,1836.55,1835.26,1835.27
2023-08-01 18:56:33,1834.89,1835.05,1836.5,1836.55,1835.25,1835.26
2023-08-01 18:56:45,1834.95,1835.05,1836.5,1836.55,1835.25,1835.26
2023-08-01 18:56:56,1835.12,1835.19,1836.5,1836.55,1835.26,1835.27
2023-08-01 18:57:07,1835.01,1835.1,1836.5,1836.55,1835.26,1835.27
2023-08-01 18:57:18,1835.06,1835.19,1836.5,1836.55,1835.26,1835.27
2023-08-01 18:57:29,1835.02,1835.11,1836.5,1836.55,1835.26,1835.27
2023-08-01 18:57:39,1835.05,1835.17,1836.5,1836.55,1835.26,1835.27
2023-08-01 18:57:50,1835.06,1835.18,1836.5,1836.55,1835.26,1835.27
2023-08-01 18:58:01,1835.8,1835.94,1837.35,1837.4,1836.05,1836.06
2023-08-01 18:58:11,1835.91,1836.08,1837.35,1837.4,1836.19,1836.2
2023-08-01 18:58:22,1836.16,1836.32,1837.35,1837.4,1836.35,1836.36
2023-08-01 18:58:33,1835.99,1836.09,1837.65,1837.7,1836.35,1836.36
2023-08-01 18:58:44,1836.03,1836.11,1837.65,1837.7,1836.22,1836.23
2023-08-01 18:58:55,1836.16,1836.21,1837.65,1837.7,1836.22,1836.23
2023-08-01 18:59:05,1836.11,1836.13,1837.45,1837.5,1836.23,1836.24
2023-08-01 18:59:16,1836.03,1836.05,1837.45,1837.5,1836.23,1836.24
2023-08-01 18:59:26,1835.88,1835.98,1837.45,1837.5,1836.04,1836.05
2023-08-01 18:59:37,1835.87,1835.97,1837.45,1837.5,1836.04,1836.05
2023-08-01 18:59:48,1835.9,1835.98,1837.45,1837.5,1836.04,1836.05
2023-08-01 19:00:00,1835.94,1836.08,1837.45,1837.5,1836.05,1836.06
2023-08-01 19:00:10,1836.7,1836.88,1837.65,1837.7,1836.69,1836.7
2023-08-01 19:00:21,1837.06,1837.21,1838.05,1838.1,1837.22,1837.23
2023-08-01 19:00:32,1837.19,1837.44,1838.4,1838.45,1837.72,1837.74
2023-08-01 19:00:43,1836.76,1836.82,1838.35,1838.4,1837.08,1837.09
2023-08-01 19:00:54,1836.79,1836.93,1838.05,1838.1,1837.0,1837.01
2023-08-01 19:01:04,1836.68,1836.77,1838.05,1838.1,1836.99,1837.01
2023-08-01 19:01:16,1836.96,1837.06,1838.05,1838.1,1837.0,1837.01
2023-08-01 19:01:26,1836.62,1836.74,1838.25,1838.3,1837.0,1837.01
2023-08-01 19:01:37,1837.34,1837.49,1838.4,1838.45,1837.55,1837.57
2023-08-01 19:01:48,1838.09,1838.17,1839.15,1839.2,1838.25,1838.26
2023-08-01 19:01:58,1837.9,1838.17,1839.15,1839.2,1838.35,1838.36
2023-08-01 19:02:09,1837.94,1838.05,1839.3,1839.35,1838.25,1838.26
2023-08-01 19:02:20,1837.86,1837.93,1839.3,1839.35,1838.24,1838.25
2023-08-01 19:02:30,1837.45,1837.56,1838.9,1838.95,1837.79,1837.8
2023-08-01 19:02:41,1837.43,1837.55,1838.7,1838.75,1837.62,1837.63
2023-08-01 19:02:52,1837.42,1837.53,1838.7,1838.75,1837.68,1837.69
2023-08-01 19:03:02,1837.35,1837.5,1838.55,1838.6,1837.6,1837.61
2023-08-01 19:03:13,1837.44,1837.62,1838.55,1838.6,1837.78,1837.79
2023-08-01 19:03:23,1837.42,1837.56,1838.55,1838.6,1837.74,1837.75
2023-08-01 19:03:34,1837.33,1837.49,1838.55,1838.6,1837.74,1837.75
2023-08-01 19:03:45,1837.31,1837.42,1838.55,1838.6,1837.74,1837.75
2023-08-01 19:03:55,1837.29,1837.42,1838.55,1838.6,1837.53,1837.54
2023-08-01 19:04:07,1836.94,1837.03,1838.55,1838.6,1837.33,1837.34
2023-08-01 19:04:17,1837.06,1837.24,1838.55,1838.6,1837.44,1837.45
2023-08-01 19:04:28,1837.21,1837.34,1838.55,1838.6,1837.45,1837.46
2023-08-01 19:04:39,1837.03,1837.12,1838.55,1838.6,1837.36,1837.37
2023-08-01 19:04:50,1837.32,1837.42,1838.55,1838.6,1837.67,1837.68
2023-08-01 19:05:01,1837.28,1837.45,1838.55,1838.6,1837.66,1837.67
2023-08-01 19:05:12,1837.4,1837.58,1838.55,1838.6,1837.66,1837.67
2023-08-01 19:05:23,1837.41,1837.56,1838.55,1838.6,1837.66,1837.68
2023-08-01 19:05:34,1837.24,1837.38,1838.75,1838.8,1837.41,1837.42
2023-08-01 19:05:45,1837.42,1837.53,1838.75,1838.8,1837.55,1837.56
2023-08-01 19:05:55,1837.43,1837.58,1838.75,1838.8,1837.56,1837.57
2023-08-01 19:06:07,1838.11,1838.25,1839.0,1839.05,1838.23,1838.24
2023-08-01 19:06:18,1838.23,1838.35,1839.3,1839.35,1838.33,1838.35
2023-08-01 19:06:29,1838.25,1838.34,1839.3,1839.35,1838.34,1838.35
2023-08-01 19:06:41,1838.16,1838.31,1839.3,1839.35,1838.43,1838.44
2023-08-01 19:06:51,1838.17,1838.32,1839.3,1839.35,1838.25,1838.26
2023-08-01 19:07:03,1838.56,1838.79,1839.45,1839.5,1838.86,1838.87
2023-08-01 19:07:14,1838.6,1838.71,1839.45,1839.5,1838.75,1838.76
2023-08-01 19:07:25,1838.72,1838.94,1839.45,1839.5,1838.75,1838.76
2023-08-01 19:07:36,1838.54,1838.72,1839.55,1839.6,1838.75,1838.76
2023-08-01 19:07:46,1838.45,1838.57,1839.55,1839.6,1838.52,1838.53
2023-08-01 19:07:57,1838.31,1838.4,1839.55,1839.6,1838.51,1838.52
2023-08-01 19:08:09,1838.43,1838.52,1839.55,1839.6,1838.51,1838.52
2023-08-01 19:08:20,1838.65,1838.75,1839.55,1839.6,1838.61,1838.62
2023-08-01 19:08:30,1839.12,1839.28,1840.35,1840.4,1839.3,1839.31
2023-08-01 19:08:42,1839.04,1839.16,1840.35,1840.4,1839.29,1839.3
